epoch,step,test_ADE,test_ADE_from_vel,test_AIOU,test_AIOU_from_vel,test_Best_FIOU,test_FDE,test_FDE_from_vel,test_FIOU,test_FIOU_from_vel,test_loss,test_pos_loss,test_vel_loss,test_vel_to_pos_loss,train_ADE,train_ADE_from_vel,train_AIOU,train_AIOU_from_vel,train_Best_FIOU,train_FDE,train_FDE_from_vel,train_FIOU,train_FIOU_from_vel,train_loss,train_pos_loss,train_vel_loss,train_vel_to_pos_loss,val_ADE,val_ADE_from_vel,val_AIOU,val_AIOU_from_vel,val_Best_FIOU,val_FDE,val_FDE_from_vel,val_FIOU,val_FIOU_from_vel,val_loss,val_pos_loss,val_vel_loss,val_vel_to_pos_loss
0,84,,,,,,,,,,,,,,,,,,,,,,,,,,,162.28411865234375,136.42274475097656,0.033156026154756546,0.0325847826898098,0.02238677628338337,190.24932861328125,202.8223876953125,0.02238677628338337,0.010304683819413185,0.029122577980160713,0.014455989934504032,0.0014950764598324895,0.01317150704562664
0,84,,,,,,,,,,,,,,164.7001495361328,159.14645385742188,0.03444761037826538,0.014495369978249073,0.03220311552286148,166.43365478515625,205.98580932617188,0.03220311552286148,0.005095766857266426,0.04523302614688873,0.0174865759909153,0.003783193416893482,0.023963257670402527,,,,,,,,,,,,,
1,169,,,,,,,,,,,,,,,,,,,,,,,,,,,124.15172576904297,112.7893295288086,0.07261840999126434,0.07351251691579819,0.0540352500975132,167.29544067382812,165.5183868408203,0.0540352500975132,0.037352100014686584,0.01889065094292164,0.009328867308795452,0.0005861715180799365,0.008975611999630928
1,169,,,,,,,,,,,,,,120.13262939453125,100.43912506103516,0.0644499659538269,0.06472823768854141,0.04958751052618027,142.63232421875,138.2969512939453,0.04958751052618027,0.03316183015704155,0.018082451075315475,0.008858845569193363,0.0008723522769287229,0.008351254276931286,,,,,,,,,,,,,
2,254,,,,,,,,,,,,,,,,,,,,,,,,,,,118.67916107177734,108.4245376586914,0.08344440907239914,0.10511808842420578,0.058086030185222626,165.3880157470703,157.9214324951172,0.058086030185222626,0.05614706128835678,0.01734885387122631,0.008465156890451908,0.0004602799308486283,0.008423417806625366
2,254,,,,,,,,,,,,,,101.84098815917969,85.09382629394531,0.09331528842449188,0.11392170935869217,0.06562405824661255,130.1607666015625,120.38968658447266,0.06562405824661255,0.05875033885240555,0.012977524660527706,0.00664295069873333,0.00046614708844572306,0.005868429318070412,,,,,,,,,,,,,
3,339,,,,,,,,,,,,,,,,,,,,,,,,,,,116.00189208984375,105.77877044677734,0.08656061440706253,0.09954982250928879,0.05922963097691536,164.7298583984375,162.8238983154297,0.05922963097691536,0.04832734912633896,0.016354497522115707,0.008326783776283264,0.00035514874616637826,0.007672565057873726
3,339,,,,,,,,,,,,,,93.42015838623047,78.56433868408203,0.11129418760538101,0.1409112513065338,0.0817088782787323,120.64411163330078,112.3267593383789,0.07532108575105667,0.0817088782787323,0.010950119234621525,0.005662824958562851,0.00033889265614561737,0.004948402754962444,,,,,,,,,,,,,
4,424,,,,,,,,,,,,,,,,,,,,,,,,,,,115.35400390625,104.92308807373047,0.09061573445796967,0.11895319819450378,0.06584343314170837,162.07139587402344,160.4004364013672,0.06451667845249176,0.06584343314170837,0.01652788184583187,0.008264453150331974,0.00029679053113795817,0.007966636680066586
4,424,,,,,,,,,,,,,,89.84600830078125,76.3548812866211,0.11898049712181091,0.15319474041461945,0.09330622851848602,116.60865783691406,108.26081085205078,0.07882470637559891,0.09330622851848602,0.010082794353365898,0.005191800184547901,0.00028904443024657667,0.004601950757205486,,,,,,,,,,,,,
5,509,,,,,,,,,,,,,,,,,,,,,,,,,,,106.04605102539062,100.42918395996094,0.10903150588274002,0.1450643390417099,0.08145681768655777,152.29222106933594,159.45013427734375,0.08145681768655777,0.07568498700857162,0.014365054666996002,0.006919702980667353,0.0002562953741289675,0.007189054973423481
5,509,,,,,,,,,,,,,,87.96588134765625,72.44206237792969,0.12529106438159943,0.16972047090530396,0.10578107088804245,115.26245880126953,103.63939666748047,0.08031187951564789,0.10578107088804245,0.009294802322983742,0.004933096468448639,0.0002398177603026852,0.004121887031942606,,,,,,,,,,,,,
6,594,,,,,,,,,,,,,,,,,,,,,,,,,,,103.1551284790039,99.9559555053711,0.116351418197155,0.1414514183998108,0.08940989524126053,149.92669677734375,160.66102600097656,0.08940989524126053,0.07402046024799347,0.013792578130960464,0.0066402447409927845,0.0002231778489658609,0.006929154973477125
6,594,,,,,,,,,,,,,,84.43624114990234,70.71453857421875,0.1346823126077652,0.1782657653093338,0.10922664403915405,110.81120300292969,101.93122863769531,0.08928132057189941,0.10922664403915405,0.00866085384041071,0.0045815943740308285,0.00021285041293594986,0.0038664089515805244,,,,,,,,,,,,,
7,679,,,,,,,,,,,,,,,,,,,,,,,,,,,98.9745101928711,96.1259536743164,0.12439566850662231,0.15005934238433838,0.08824309706687927,144.65699768066406,154.29898071289062,0.08824309706687927,0.0751338079571724,0.012713371776044369,0.006156654097139835,0.00021183010539971292,0.006344888359308243
7,679,,,,,,,,,,,,,,82.11991882324219,69.3505859375,0.14266465604305267,0.18706703186035156,0.11808610707521439,108.59321594238281,101.20636749267578,0.09286391735076904,0.11808610707521439,0.008189447224140167,0.004337748046964407,0.0001918217894854024,0.0036598762962967157,,,,,,,,,,,,,
8,764,,,,,,,,,,,,,,,,,,,,,,,,,,,103.93733978271484,98.96898651123047,0.11970942467451096,0.14186421036720276,0.07075408101081848,156.8349609375,161.0914306640625,0.07075408101081848,0.06875806301832199,0.01353727001696825,0.0065983980894088745,0.00020091603801120073,0.006737955380231142
8,764,,,,,,,,,,,,,,81.58094024658203,68.59545135498047,0.14511322975158691,0.19296543300151825,0.11961177736520767,107.35479736328125,99.64299011230469,0.09266282618045807,0.11961177736520767,0.007941839285194874,0.004236803390085697,0.00018381437985226512,0.003521219827234745,,,,,,,,,,,,,
9,849,,,,,,,,,,,,,,,,,,,,,,,,,,,107.00325775146484,100.4183578491211,0.11748512089252472,0.12892231345176697,0.07327409833669662,161.2537384033203,162.17796325683594,0.07327409833669662,0.04981175810098648,0.014140679500997066,0.007126071956008673,0.0001896322355605662,0.006824974901974201
9,849,,,,,,,,,,,,,,79.71475982666016,67.22329711914062,0.1512807011604309,0.19690951704978943,0.11830058693885803,106.3812484741211,99.15071105957031,0.09486159682273865,0.11830058693885803,0.007632508873939514,0.0040682461112737656,0.00017244764603674412,0.003391814883798361,,,,,,,,,,,,,
10,934,,,,,,,,,,,,,,,,,,,,,,,,,,,105.95489501953125,97.89408111572266,0.11326245963573456,0.14563259482383728,0.07302109152078629,158.74655151367188,158.9490203857422,0.07302109152078629,0.06957325339317322,0.014113429933786392,0.0071693542413413525,0.00020057070651091635,0.006743505131453276
10,934,,,,,,,,,,,,,,78.67045593261719,66.24551391601562,0.15612530708312988,0.204360693693161,0.12535783648490906,104.5135498046875,97.08438110351562,0.09850413352251053,0.12535783648490906,0.0073830015026032925,0.003939363174140453,0.00016366589989047498,0.0032799728214740753,,,,,,,,,,,,,
11,1019,,,,,,,,,,,,,,,,,,,,,,,,,,,106.646240234375,98.85430908203125,0.11694099009037018,0.15641431510448456,0.07976025342941284,158.6221160888672,163.3565673828125,0.07976025342941284,0.0686400830745697,0.014329284429550171,0.00733818206936121,0.0001819544268073514,0.006809147074818611
11,1019,,,,,,,,,,,,,,75.68604278564453,64.53004455566406,0.16737692058086395,0.21311071515083313,0.13124608993530273,101.56067657470703,95.08704376220703,0.10728485882282257,0.13124608993530273,0.006959620863199234,0.003698692424222827,0.00015533430268988013,0.003105591982603073,,,,,,,,,,,,,
12,1104,,,,,,,,,,,,,,,,,,,,,,,,,,,100.64799499511719,95.87893676757812,0.1331872045993805,0.1583242267370224,0.0895468071103096,151.2095489501953,157.69357299804688,0.0895468071103096,0.07344423234462738,0.013226941227912903,0.006535268854349852,0.00016754036187194288,0.006524131167680025
12,1104,,,,,,,,,,,,,,74.07852172851562,63.41283416748047,0.17312075197696686,0.21873857080936432,0.1320776492357254,99.68991088867188,94.61224365234375,0.1076999083161354,0.1320776492357254,0.006670197006314993,0.003545342246070504,0.0001435227895854041,0.002981332363560796,,,,,,,,,,,,,
13,1189,,,,,,,,,,,,,,,,,,,,,,,,,,,97.78265380859375,94.42591857910156,0.13855062425136566,0.16792845726013184,0.09233139455318451,149.29458618164062,154.8289031982422,0.09233139455318451,0.08142496645450592,0.013007386587560177,0.006432285066694021,0.00015941030869726092,0.006415690295398235
13,1189,,,,,,,,,,,,,,73.49675750732422,62.80522537231445,0.17538054287433624,0.22217072546482086,0.1318598836660385,98.83727264404297,93.84335327148438,0.11090584844350815,0.1318598836660385,0.006540966220200062,0.003480419283732772,0.00014278930029831827,0.0029177588876336813,,,,,,,,,,,,,
14,1274,,,,,,,,,,,,,,,,,,,,,,,,,,,93.4568099975586,92.89132690429688,0.14635325968265533,0.1727408766746521,0.08414384722709656,146.02223205566406,152.0013885498047,0.08343446999788284,0.08414384722709656,0.012001978233456612,0.005751480348408222,0.00015662424266338348,0.006093873176723719
14,1274,,,,,,,,,,,,,,72.33576965332031,61.3489990234375,0.1794690042734146,0.2298329770565033,0.13708510994911194,97.87845611572266,91.83539581298828,0.11265106499195099,0.13708510994911194,0.006272337399423122,0.0033627543598413467,0.000131616645376198,0.0027779669035226107,,,,,,,,,,,,,
15,1359,,,,,,,,,,,,,,,,,,,,,,,,,,,95.8058853149414,93.06665802001953,0.13889598846435547,0.16872543096542358,0.08726339787244797,146.84657287597656,155.1862030029297,0.08726339787244797,0.07930367439985275,0.01196228340268135,0.005760248750448227,0.00015164287469815463,0.006050392985343933
15,1359,,,,,,,,,,,,,,71.94718170166016,61.09709930419922,0.1819017380475998,0.23190952837467194,0.136729434132576,97.13154602050781,92.0651626586914,0.11444425582885742,0.136729434132576,0.006187949795275927,0.0033212043344974518,0.0001303105818806216,0.002736434806138277,,,,,,,,,,,,,
16,1444,,,,,,,,,,,,,,,,,,,,,,,,,,,96.73564147949219,93.45716857910156,0.14390140771865845,0.1641833484172821,0.09862922877073288,145.9744415283203,154.86590576171875,0.09862922877073288,0.07286090403795242,0.01232696883380413,0.006192257162183523,0.00014829706924501806,0.005986414849758148
16,1444,,,,,,,,,,,,,,71.84037017822266,61.97720718383789,0.18144676089286804,0.2268512099981308,0.13202518224716187,96.38986206054688,92.87992858886719,0.11453896760940552,0.13202518224716187,0.006199831608682871,0.00327704893425107,0.00013528107956517488,0.002787503646686673,,,,,,,,,,,,,
17,1529,,,,,,,,,,,,,,,,,,,,,,,,,,,96.7490234375,94.42942810058594,0.13893841207027435,0.1661754697561264,0.08560843020677567,150.03265380859375,157.1608428955078,0.08560843020677567,0.06736046075820923,0.012589563615620136,0.006247455719858408,0.00014403251407202333,0.006198074668645859
17,1529,,,,,,,,,,,,,,68.82674407958984,59.76840591430664,0.1942427009344101,0.23900918662548065,0.14068177342414856,93.06843566894531,90.36673736572266,0.1260901540517807,0.14068177342414856,0.005807229783385992,0.0030554416589438915,0.0001245246094185859,0.002627265639603138,,,,,,,,,,,,,
18,1614,,,,,,,,,,,,,,,,,,,,,,,,,,,96.54698944091797,95.34225463867188,0.14205700159072876,0.16782276332378387,0.07928676158189774,151.9673614501953,153.56402587890625,0.07928676158189774,0.07747281342744827,0.012913625687360764,0.006249405909329653,0.00014756018936168402,0.006516660563647747
18,1614,,,,,,,,,,,,,,68.54520416259766,58.917476654052734,0.19482937455177307,0.243906632065773,0.1425623744726181,93.08895111083984,89.51091003417969,0.12166641652584076,0.1425623744726181,0.0056819673627614975,0.003017093287780881,0.00012149722897447646,0.002543377922847867,,,,,,,,,,,,,
19,1699,,,,,,,,,,,,,,,,,,,,,,,,,,,93.85018920898438,97.16156768798828,0.14558090269565582,0.15012292563915253,0.08197570592164993,147.27162170410156,158.36822509765625,0.08197570592164993,0.06649269163608551,0.012523522600531578,0.005819602869451046,0.00013689642946701497,0.006567024160176516
19,1699,,,,,,,,,,,,,,67.18296813964844,58.28791427612305,0.20098602771759033,0.24742570519447327,0.14640720188617706,90.55797576904297,87.95076751708984,0.1320735216140747,0.14640720188617706,0.005509792361408472,0.00290895183570683,0.0001179001628770493,0.002482939977198839,,,,,,,,,,,,,
20,1784,,,,,,,,,,,,,,,,,,,,,,,,,,,97.85690307617188,96.66461944580078,0.13747850060462952,0.1642225682735443,0.08270501345396042,152.3474578857422,160.81866455078125,0.08270501345396042,0.06730501353740692,0.013072866946458817,0.00634770980104804,0.00013469779514707625,0.006590459030121565
20,1784,,,,,,,,,,,,,,66.43729400634766,57.915626525878906,0.20378801226615906,0.24815085530281067,0.1430823653936386,89.54264068603516,89.1903076171875,0.13252246379852295,0.1430823653936386,0.005373700987547636,0.0028256005607545376,0.0001133483019657433,0.002434752881526947,,,,,,,,,,,,,
21,1869,,,,,,,,,,,,,,,,,,,,,,,,,,,94.460205078125,98.73489379882812,0.1492474377155304,0.15280170738697052,0.0932224914431572,146.4835205078125,163.63040161132812,0.0932224914431572,0.05178156867623329,0.012819060124456882,0.0060247983783483505,0.00013906189997214824,0.006655197590589523
21,1869,,,,,,,,,,,,,,65.77816009521484,57.40413284301758,0.20590297877788544,0.25206872820854187,0.1451951265335083,88.98942565917969,87.99272918701172,0.13363192975521088,0.1451951265335083,0.005280910991132259,0.002768395934253931,0.00011142796574858949,0.002401087200269103,,,,,,,,,,,,,
22,1954,,,,,,,,,,,,,,,,,,,,,,,,,,,100.1809310913086,89.75408935546875,0.13668908178806305,0.18148206174373627,0.09142518788576126,153.0764617919922,148.47616577148438,0.0826103538274765,0.09142518788576126,0.012330043129622936,0.006467380095273256,0.00012740564125124365,0.0057352567091584206
22,1954,,,,,,,,,,,,,,65.04449462890625,58.52406311035156,0.2096766084432602,0.2435898333787918,0.1407410353422165,87.98506927490234,89.72313690185547,0.1371171474456787,0.1407410353422165,0.005342356860637665,0.0027111442759633064,0.0001181581974378787,0.0025130542926490307,,,,,,,,,,,,,
23,2039,,,,,,,,,,,,,,,,,,,,,,,,,,,95.91818237304688,94.89247131347656,0.14931587874889374,0.1684863567352295,0.07573813945055008,151.81349182128906,156.2716522216797,0.07573813945055008,0.07243717461824417,0.012930044904351234,0.006403403356671333,0.00013041951751802117,0.006396221928298473
23,2039,,,,,,,,,,,,,,64.7417221069336,56.917659759521484,0.20936602354049683,0.253298282623291,0.1458606868982315,87.31547546386719,88.15569305419922,0.13633017241954803,0.1458606868982315,0.005102917551994324,0.00265412125736475,0.00010992356692440808,0.002338873688131571,,,,,,,,,,,,,
24,2124,,,,,,,,,,,,,,,,,,,,,,,,,,,95.18146514892578,96.50188446044922,0.14915557205677032,0.17554982006549835,0.08634821325540543,149.23963928222656,156.3795623779297,0.07846631854772568,0.08634821325540543,0.013116427697241306,0.006132868584245443,0.00013026033411733806,0.00685329781845212
24,2124,,,,,,,,,,,,,,63.1954231262207,56.25047302246094,0.217952698469162,0.25897982716560364,0.15049877762794495,85.68159484863281,86.78372192382812,0.1449708789587021,0.15049877762794495,0.004948935937136412,0.0025597549974918365,0.00010576043860055506,0.0022834204137325287,,,,,,,,,,,,,
25,2209,,,,,,,,,,,,,,,,,,,,,,,,,,,99.71597290039062,98.73504638671875,0.14061513543128967,0.16923706233501434,0.0767703503370285,156.34225463867188,162.84280395507812,0.0767703503370285,0.07334907352924347,0.013952432200312614,0.006586482282727957,0.00012561111361719668,0.00724033871665597
25,2209,,,,,,,,,,,,,,62.92138671875,55.88649368286133,0.21820461750030518,0.2604919672012329,0.15166433155536652,85.14478302001953,86.22826385498047,0.1444855034351349,0.15166433155536652,0.004863090347498655,0.002514219144359231,0.00010258485417580232,0.0022462864872068167,,,,,,,,,,,,,
26,2294,,,,,,,,,,,,,,,,,,,,,,,,,,,100.40862274169922,94.772216796875,0.13915333151817322,0.17790701985359192,0.08256788551807404,155.8099365234375,157.96148681640625,0.07923224568367004,0.08256788551807404,0.013414242304861546,0.006662195082753897,0.00012138625606894493,0.006630661431699991
26,2294,,,,,,,,,,,,,,61.861854553222656,54.54029846191406,0.22223767638206482,0.2680552303791046,0.1590682864189148,83.78711700439453,83.70135498046875,0.14491797983646393,0.1590682864189148,0.004661112558096647,0.0024188298266381025,9.844431042438373e-05,0.002143838442862034,,,,,,,,,,,,,
27,2379,,,,,,,,,,,,,,,,,,,,,,,,,,,98.3157730102539,98.04267883300781,0.1472250074148178,0.16988655924797058,0.07379073649644852,155.20370483398438,163.52496337890625,0.07379073649644852,0.07097228616476059,0.013857696205377579,0.006736278999596834,0.00011855396587634459,0.007002864498645067
27,2379,,,,,,,,,,,,,,61.40116500854492,54.32461929321289,0.2238975465297699,0.2679254114627838,0.1550033688545227,83.07351684570312,83.96269226074219,0.14586029946804047,0.1550033688545227,0.004613700322806835,0.0023751372937113047,9.733979823067784e-05,0.0021412239875644445,,,,,,,,,,,,,
28,2464,,,,,,,,,,,,,,,,,,,,,,,,,,,94.06681823730469,93.4844741821289,0.1522493213415146,0.17350417375564575,0.08258884400129318,148.37576293945312,158.91415405273438,0.08258884400129318,0.06690645962953568,0.0123619819059968,0.006070263218134642,0.00011420439841458574,0.00617751432582736
28,2464,,,,,,,,,,,,,,60.47383117675781,53.40604019165039,0.22868508100509644,0.27315235137939453,0.15989387035369873,81.63988494873047,82.74896240234375,0.1495341807603836,0.15989387035369873,0.004473763518035412,0.0023064478300511837,9.545511420583352e-05,0.0020718607120215893,,,,,,,,,,,,,
29,2549,,,,,,,,,,,,,,,,,,,,,,,,,,,93.68187713623047,95.95785522460938,0.14993494749069214,0.17093737423419952,0.08206965774297714,147.65988159179688,161.6942596435547,0.08206965774297714,0.07524823397397995,0.012703759595751762,0.00577729195356369,0.00011698628077283502,0.006809481419622898
29,2549,,,,,,,,,,,,,,60.91305923461914,54.141685485839844,0.2244730442762375,0.2664344012737274,0.15141533315181732,82.4475326538086,84.01327514648438,0.1479349285364151,0.15141533315181732,0.0045181079767644405,0.002321198582649231,9.540945029584691e-05,0.002101501217111945,,,,,,,,,,,,,
30,2634,,,,,,,,,,,,,,,,,,,,,,,,,,,91.56217956542969,93.71012115478516,0.1636030673980713,0.1848503202199936,0.0953659638762474,144.30670166015625,158.12457275390625,0.0953659638762474,0.08915215730667114,0.012879989109933376,0.005883011035621166,0.00011980664567090571,0.0068771718069911
30,2634,,,,,,,,,,,,,,59.788272857666016,54.43497848510742,0.22979801893234253,0.2642490863800049,0.153239905834198,81.04637908935547,83.93434143066406,0.14997757971286774,0.153239905834198,0.00446731923148036,0.0022286148741841316,9.613043221179396e-05,0.002142575103789568,,,,,,,,,,,,,
31,2719,,,,,,,,,,,,,,,,,,,,,,,,,,,96.98026275634766,96.03141021728516,0.15058386325836182,0.17423918843269348,0.07101160287857056,154.42544555664062,164.4112091064453,0.07101160287857056,0.062233440577983856,0.013442433439195156,0.006494943052530289,0.00010789087536977604,0.006839601323008537
31,2719,,,,,,,,,,,,,,59.21906280517578,52.59546661376953,0.23330779373645782,0.27735161781311035,0.16766047477722168,79.54689025878906,80.29645538330078,0.15530472993850708,0.16766047477722168,0.00427356269210577,0.0021848217584192753,9.252197196474299e-05,0.0019962177611887455,,,,,,,,,,,,,
32,2804,,,,,,,,,,,,,,,,,,,,,,,,,,,93.32386016845703,93.24342346191406,0.1632550060749054,0.17581406235694885,0.08836541324853897,148.60488891601562,158.2227020263672,0.08836541324853897,0.07242649048566818,0.01268704142421484,0.006184153724461794,0.00010752645903266966,0.006395362317562103
32,2804,,,,,,,,,,,,,,58.314510345458984,51.37416458129883,0.23771023750305176,0.2851913273334503,0.17019478976726532,78.79621124267578,79.29104614257812,0.1541249006986618,0.17019478976726532,0.004106501583009958,0.0021199353504925966,8.666246139910072e-05,0.001899902243167162,,,,,,,,,,,,,
33,2889,,,,,,,,,,,,,,,,,,,,,,,,,,,95.59466552734375,93.86314392089844,0.16162997484207153,0.1799248456954956,0.0891474038362503,156.43930053710938,156.3507080078125,0.07892457395792007,0.0891474038362503,0.013146263547241688,0.006689331494271755,0.000100552941148635,0.006356381345540285
33,2889,,,,,,,,,,,,,,57.37525939941406,50.539512634277344,0.2417478710412979,0.28927016258239746,0.1682857722043991,77.32270050048828,78.42820739746094,0.16154475510120392,0.1682857722043991,0.003985410090535879,0.002052976517006755,8.528253965778276e-05,0.001847150269895792,,,,,,,,,,,,,
34,2974,,,,,,,,,,,,,,,,,,,,,,,,,,,95.794189453125,93.73137664794922,0.15596987307071686,0.1882891207933426,0.0911797508597374,149.81887817382812,157.69754028320312,0.08271940797567368,0.0911797508597374,0.012808914296329021,0.006416694261133671,9.978803427657112e-05,0.006292432546615601
34,2974,,,,,,,,,,,,,,57.092491149902344,50.391151428222656,0.24351249635219574,0.2888212203979492,0.17195004224777222,76.03016662597656,77.53485107421875,0.16789083182811737,0.17195004224777222,0.0039349510334432125,0.0020282529294490814,8.348567644134164e-05,0.0018232121365144849,,,,,,,,,,,,,
35,3059,,,,,,,,,,,,,,,,,,,,,,,,,,,99.50924682617188,91.45838928222656,0.15044240653514862,0.18355856835842133,0.08131398260593414,159.38404846191406,155.1112823486328,0.07567939907312393,0.08131398260593414,0.012951381504535675,0.006818309426307678,0.00010252340143779293,0.0060305469669401646
35,3059,,,,,,,,,,,,,,57.276756286621094,50.4801025390625,0.24246463179588318,0.29029589891433716,0.16555185616016388,76.80284881591797,79.19257354736328,0.1622813642024994,0.16555185616016388,0.0039386688731610775,0.0020281686447560787,8.234407141571864e-05,0.0018281559459865093,,,,,,,,,,,,,
36,3144,,,,,,,,,,,,,,,,,,,,,,,,,,,96.50751495361328,91.56551361083984,0.1585487723350525,0.1938425898551941,0.09761570394039154,155.51002502441406,153.5259246826172,0.07814542204141617,0.09761570394039154,0.012971936725080013,0.006704641971737146,0.00010033165017375723,0.006166963838040829
36,3144,,,,,,,,,,,,,,56.756595611572266,49.91410446166992,0.24501857161521912,0.29197266697883606,0.17273379862308502,76.87491607666016,77.57181549072266,0.16299058496952057,0.17273379862308502,0.003869052743539214,0.0019873403944075108,8.17514446680434e-05,0.0017999607371166348,,,,,,,,,,,,,
37,3229,,,,,,,,,,,,,,,,,,,,,,,,,,,94.85565948486328,100.90536499023438,0.16226406395435333,0.16523800790309906,0.08002488315105438,153.9388885498047,174.3549041748047,0.08002488315105438,0.05134006589651108,0.013725686818361282,0.006314047612249851,0.00010282899893354625,0.007308809086680412
37,3229,,,,,,,,,,,,,,56.516754150390625,49.681854248046875,0.24476724863052368,0.29562729597091675,0.17227774858474731,75.53987121582031,77.52940368652344,0.166006937623024,0.17227774858474731,0.0038368073292076588,0.0019662517588585615,8.047113078646362e-05,0.0017900834791362286,,,,,,,,,,,,,
38,3314,,,,,,,,,,,,,,,,,,,,,,,,,,,103.55455017089844,95.95325469970703,0.13798609375953674,0.17813734710216522,0.08276474475860596,165.07424926757812,160.62710571289062,0.06230068579316139,0.08276474475860596,0.01386406272649765,0.00736234150826931,9.639637573854998e-05,0.0064053223468363285
38,3314,,,,,,,,,,,,,,55.402801513671875,48.83039093017578,0.25239336490631104,0.30149784684181213,0.1787899285554886,73.82527160644531,76.32453918457031,0.17361725866794586,0.1787899285554886,0.0037172555457800627,0.0019008007366210222,7.876082963775843e-05,0.0017376947216689587,,,,,,,,,,,,,
39,3399,,,,,,,,,,,,,,,,,,,,,,,,,,,95.27591705322266,93.15345001220703,0.16369010508060455,0.1802932173013687,0.08674141019582748,153.4541015625,156.29803466796875,0.08674141019582748,0.08606528490781784,0.01266559585928917,0.006411522626876831,9.484436304774135e-05,0.006159230135381222
39,3399,,,,,,,,,,,,,,54.395572662353516,48.707252502441406,0.257383793592453,0.29901033639907837,0.17998887598514557,72.7431869506836,75.08121490478516,0.17463107407093048,0.17998887598514557,0.0036300248466432095,0.001826939289458096,7.871348498156294e-05,0.0017243718029931188,,,,,,,,,,,,,
40,3484,,,,,,,,,,,,,,,,,,,,,,,,,,,100.17241668701172,95.2951431274414,0.15877361595630646,0.18684662878513336,0.08231392502784729,166.2430877685547,165.07749938964844,0.07562089711427689,0.08231392502784729,0.013739597983658314,0.007206154987215996,9.549051173962653e-05,0.006437954027205706
40,3484,,,,,,,,,,,,,,54.35800552368164,47.31608581542969,0.25609472393989563,0.3085746169090271,0.1852010041475296,72.6070556640625,73.37838745117188,0.17579106986522675,0.1852010041475296,0.0035337856970727444,0.001829788088798523,7.516800542362034e-05,0.0016288295155391097,,,,,,,,,,,,,
41,3569,,,,,,,,,,,,,,,,,,,,,,,,,,,92.70101928710938,93.1629409790039,0.17049331963062286,0.19124412536621094,0.09678065031766891,147.02859497070312,158.67950439453125,0.09678065031766891,0.08954177796840668,0.012767656706273556,0.006212846376001835,9.49830500758253e-05,0.006459828000515699
41,3569,,,,,,,,,,,,,,53.550689697265625,47.00556564331055,0.2615346908569336,0.31271177530288696,0.18989141285419464,71.71345520019531,73.37895965576172,0.18002906441688538,0.18989141285419464,0.0034653327893465757,0.001775410957634449,7.378313603112474e-05,0.0016161384992301464,,,,,,,,,,,,,
42,3654,,,,,,,,,,,,,,,,,,,,,,,,,,,97.4377212524414,96.18354034423828,0.16424600780010223,0.1798280030488968,0.0805361270904541,159.33326721191406,166.22206115722656,0.0805361270904541,0.06953977793455124,0.013758422806859016,0.0068435585126280785,9.232870797859505e-05,0.006822536233812571
42,3654,,,,,,,,,,,,,,53.31602478027344,46.55592346191406,0.26383793354034424,0.31362184882164,0.18969158828258514,71.79798889160156,72.5063705444336,0.1813320368528366,0.18969158828258514,0.0034221194218844175,0.0017587613547220826,7.29127277736552e-05,0.0015904452884569764,,,,,,,,,,,,,
43,3739,,,,,,,,,,,,,,,,,,,,,,,,,,,98.91254425048828,93.0838394165039,0.1586548089981079,0.1953822523355484,0.08371330052614212,158.5205078125,157.4081268310547,0.07394944876432419,0.08371330052614212,0.014090826734900475,0.007346896920353174,9.235364996129647e-05,0.006651575677096844
43,3739,,,,,,,,,,,,,,52.5584716796875,46.42255783081055,0.26682403683662415,0.31352749466896057,0.18645718693733215,69.95789337158203,72.60659790039062,0.18561583757400513,0.18645718693733215,0.003348300000652671,0.0017011754680424929,7.124071271391585e-05,0.0015758838271722198,,,,,,,,,,,,,
44,3824,,,,,,,,,,,,,,,,,,,,,,,,,,,96.72830963134766,95.3740234375,0.16819697618484497,0.17954790592193604,0.09608345478773117,154.37271118164062,163.1805877685547,0.09608345478773117,0.06627063453197479,0.013473128899931908,0.006800585426390171,8.850587619235739e-05,0.006584037560969591
44,3824,,,,,,,,,,,,,,52.91936111450195,45.084877014160156,0.2635367512702942,0.3232300579547882,0.19787701964378357,70.93672180175781,70.25898742675781,0.18126142024993896,0.19787701964378357,0.0032814256846904755,0.0017201239243149757,6.908634532010183e-05,0.001492215320467949,,,,,,,,,,,,,
45,3909,,,,,,,,,,,,,,,,,,,,,,,,,,,102.8115234375,93.42720794677734,0.14822182059288025,0.18977467715740204,0.08299697190523148,167.87782287597656,160.3059539794922,0.05411626398563385,0.08299697190523148,0.01413315162062645,0.0074149444699287415,8.968959446065128e-05,0.006628517527133226
45,3909,,,,,,,,,,,,,,51.21197509765625,44.98910903930664,0.2740272581577301,0.3252369165420532,0.19651472568511963,68.3585433959961,70.55811309814453,0.1942586898803711,0.19651472568511963,0.0031801119912415743,0.0016158921644091606,6.76106647006236e-05,0.0014966086018830538,,,,,,,,,,,,,
46,3994,,,,,,,,,,,,,,,,,,,,,,,,,,,98.18925476074219,95.19921112060547,0.16546550393104553,0.1829015612602234,0.0813646987080574,159.87242126464844,162.00433349609375,0.07630415260791779,0.0813646987080574,0.014051691628992558,0.007301902398467064,8.709557732800022e-05,0.006662694271653891
46,3994,,,,,,,,,,,,,,51.28363037109375,45.689674377441406,0.27409377694129944,0.3210031986236572,0.1925029307603836,68.59527587890625,71.96439361572266,0.1925029307603836,0.19040875136852264,0.0032351294066756964,0.0016211929032579064,6.858997949166223e-05,0.0015453461091965437,,,,,,,,,,,,,
47,4079,,,,,,,,,,,,,,,,,,,,,,,,,,,101.0293197631836,96.72722625732422,0.1505810022354126,0.16636806726455688,0.05820856988430023,165.90322875976562,165.86126708984375,0.05820856988430023,0.04865548759698868,0.014017420820891857,0.007097839377820492,8.698368037585169e-05,0.006832596845924854
47,4079,,,,,,,,,,,,,,50.77704620361328,45.22325134277344,0.2762419879436493,0.3225574195384979,0.19601720571517944,67.7751693725586,71.39057922363281,0.19601720571517944,0.1947232484817505,0.003150810021907091,0.0015831999480724335,6.785758159821853e-05,0.0014997530961409211,,,,,,,,,,,,,
48,4164,,,,,,,,,,,,,,,,,,,,,,,,,,,96.62120056152344,90.07493591308594,0.16786201298236847,0.18982729315757751,0.0820535272359848,155.6707763671875,155.77365112304688,0.0820535272359848,0.06720489263534546,0.012808416970074177,0.006864774040877819,8.661932224640623e-05,0.005857022944837809
48,4164,,,,,,,,,,,,,,50.810333251953125,45.0081901550293,0.27817288041114807,0.32516318559646606,0.19508199393749237,68.24624633789062,70.77545166015625,0.19508199393749237,0.19494710862636566,0.003164811758324504,0.0015984319616109133,6.798046524636447e-05,0.0014983994187787175,,,,,,,,,,,,,
49,4249,,,,,,,,,,,,,,,,,,,,,,,,,,,102.36504364013672,90.77494049072266,0.16277213394641876,0.20174378156661987,0.10008883476257324,163.4401397705078,154.4677276611328,0.07924417406320572,0.10008883476257324,0.013989539816975594,0.0077264090068638325,8.741445344639942e-05,0.006175715941935778
49,4249,,,,,,,,,,,,,,49.6324462890625,44.30314254760742,0.2832722067832947,0.33069661259651184,0.20095564424991608,65.8810043334961,70.374755859375,0.20095564424991608,0.19946393370628357,0.0030361521057784557,0.0015227689873427153,6.654919707216322e-05,0.0014468333683907986,,,,,,,,,,,,,
50,4334,,,,,,,,,,,,,,,,,,,,,,,,,,,94.55779266357422,87.16275787353516,0.1743050217628479,0.20808687806129456,0.1049698069691658,150.79844665527344,149.53298950195312,0.08553684502840042,0.1049698069691658,0.01224780734628439,0.006557126063853502,8.014168270165101e-05,0.005610538646578789
50,4334,,,,,,,,,,,,,,49.14976501464844,43.46277618408203,0.2865004241466522,0.3359052240848541,0.20763397216796875,64.98219299316406,68.54956817626953,0.20763397216796875,0.2068585753440857,0.002966460306197405,0.0014979781117290258,6.494272383861244e-05,0.0014035390922799706,,,,,,,,,,,,,
51,4419,,,,,,,,,,,,,,,,,,,,,,,,,,,95.56830596923828,88.90599060058594,0.1707160770893097,0.19996482133865356,0.09344587475061417,149.0438995361328,151.22589111328125,0.09344587475061417,0.0855834037065506,0.012691923417150974,0.0066698696464300156,7.844311039661989e-05,0.005943611729890108
51,4419,,,,,,,,,,,,,,48.802947998046875,43.11599349975586,0.2879025936126709,0.33812394738197327,0.20803815126419067,64.8173828125,68.06220245361328,0.20495469868183136,0.20803815126419067,0.0029204972088336945,0.0014723154017701745,6.268142169574276e-05,0.001385500654578209,,,,,,,,,,,,,
52,4504,,,,,,,,,,,,,,,,,,,,,,,,,,,96.5576171875,88.36860656738281,0.1719573736190796,0.19485564529895782,0.0842362642288208,155.01055908203125,154.74398803710938,0.0842362642288208,0.06844522804021835,0.012614048086106777,0.006969882175326347,7.611182081745937e-05,0.0055680545046925545
52,4504,,,,,,,,,,,,,,48.47911071777344,42.78821563720703,0.29090529680252075,0.34082671999931335,0.21427612006664276,63.95901870727539,67.89334869384766,0.21427612006664276,0.20802511274814606,0.002872104523703456,0.0014578386908397079,6.191788997966796e-05,0.0013523485977202654,,,,,,,,,,,,,
53,4589,,,,,,,,,,,,,,,,,,,,,,,,,,,99.73438262939453,91.89066314697266,0.16361945867538452,0.1915903091430664,0.09566040337085724,162.66754150390625,155.06820678710938,0.06714961677789688,0.09566040337085724,0.013662789016962051,0.0073635997250676155,7.748386269668117e-05,0.006221705116331577
53,4589,,,,,,,,,,,,,,48.025421142578125,43.22745132446289,0.29238811135292053,0.33569955825805664,0.21524177491664886,63.2026481628418,69.3218765258789,0.21524177491664886,0.19792310893535614,0.002854100428521633,0.001420435612089932,6.128815584816039e-05,0.0013723765732720494,,,,,,,,,,,,,
54,4674,,,,,,,,,,,,,,,,,,,,,,,,,,,94.2953872680664,88.11438751220703,0.18075475096702576,0.21790190041065216,0.11436475068330765,148.05567932128906,151.5426483154297,0.09857696294784546,0.11436475068330765,0.013081909157335758,0.006785929668694735,7.63044590712525e-05,0.00621967576444149
54,4674,,,,,,,,,,,,,,48.01536560058594,42.29598617553711,0.2925456166267395,0.3446400761604309,0.21511796116828918,62.88579559326172,66.95913696289062,0.21511796116828918,0.21339008212089539,0.0028108006808906794,0.0014244805788621306,6.01559440838173e-05,0.0013261644635349512,,,,,,,,,,,,,
55,4759,,,,,,,,,,,,,,,,,,,,,,,,,,,96.87274169921875,87.30005645751953,0.17611268162727356,0.2127186805009842,0.10001005977392197,152.44097900390625,148.64601135253906,0.10001005977392197,0.08988557755947113,0.01308736763894558,0.007099191192537546,7.503599772462621e-05,0.005913140717893839
55,4759,,,,,,,,,,,,,,47.60591506958008,41.94331359863281,0.2942957282066345,0.3449126183986664,0.21480360627174377,62.96418380737305,66.5233154296875,0.21480360627174377,0.21256400644779205,0.002759065479040146,0.0013928170083090663,5.932078784098849e-05,0.0013069278793409467,,,,,,,,,,,,,
56,4844,,,,,,,,,,,,,,,,,,,,,,,,,,,102.3613510131836,92.4960708618164,0.15655159950256348,0.18765278160572052,0.05914889648556709,165.2809600830078,163.29856872558594,0.05914889648556709,0.05767304077744484,0.013573858886957169,0.007421748712658882,7.216742233140394e-05,0.006079943384975195
56,4844,,,,,,,,,,,,,,46.81349182128906,40.970458984375,0.30020907521247864,0.3531462848186493,0.2222851663827896,61.5157356262207,65.30393981933594,0.2222851663827896,0.2182699739933014,0.0026662019081413746,0.0013502755900844932,5.795346078230068e-05,0.0012579731410369277,,,,,,,,,,,,,
57,4929,,,,,,,,,,,,,,,,,,,,,,,,,,,103.91956329345703,95.2336196899414,0.16599543392658234,0.1925627887248993,0.0902700126171112,163.22926330566406,169.47482299804688,0.0902700126171112,0.054842203855514526,0.014789514243602753,0.00798267312347889,7.377438305411488e-05,0.0067330640740692616
57,4929,,,,,,,,,,,,,,46.79241943359375,40.77494430541992,0.29988807439804077,0.354966402053833,0.22480787336826324,60.868675231933594,65.27542114257812,0.22480787336826324,0.215863436460495,0.0026596123352646828,0.0013537470949813724,5.768818664364517e-05,0.001248177606612444,,,,,,,,,,,,,
58,5014,,,,,,,,,,,,,,,,,,,,,,,,,,,94.5140380859375,87.2220687866211,0.1828816831111908,0.21861013770103455,0.11344493180513382,145.37242126464844,150.25418090820312,0.11344493180513382,0.11073384433984756,0.012826713733375072,0.006801093462854624,7.440261106239632e-05,0.005951218772679567
58,5014,,,,,,,,,,,,,,46.30282974243164,40.95817565917969,0.30422577261924744,0.3528594970703125,0.22516871988773346,60.690460205078125,65.30269622802734,0.22516871988773346,0.21352888643741608,0.0026293282862752676,0.0013253921642899513,5.721303750760853e-05,0.0012467236956581473,,,,,,,,,,,,,
59,5099,,,,,,,,,,,,,,,,,,,,,,,,,,,97.65555572509766,87.4295425415039,0.1731206625699997,0.21229325234889984,0.0906601995229721,152.33050537109375,150.86488342285156,0.0868459939956665,0.0906601995229721,0.01317373476922512,0.007355977315455675,7.360715244431049e-05,0.005744149908423424
59,5099,,,,,,,,,,,,,,45.65021514892578,40.13605880737305,0.3081614673137665,0.35868415236473083,0.22852760553359985,60.389678955078125,63.91748046875,0.22852760553359985,0.22325369715690613,0.002557239728048444,0.0012862378498539329,5.6832846894394606e-05,0.0012141689658164978,,,,,,,,,,,,,
60,5184,,,,,,,,,,,,,,,,,,,,,,,,,,,97.32275390625,90.60134887695312,0.16805358231067657,0.19874043762683868,0.08427818864583969,153.39938354492188,158.319580078125,0.07627897709608078,0.08427818864583969,0.013087448664009571,0.007077926304191351,7.158756488934159e-05,0.005937935318797827
60,5184,,,,,,,,,,,,,,44.96918869018555,39.800933837890625,0.3119170367717743,0.3619251251220703,0.23255716264247894,59.28280258178711,63.30119323730469,0.23255716264247894,0.2273435741662979,0.0024996516294777393,0.0012524952180683613,5.5278080253629014e-05,0.0011918782256543636,,,,,,,,,,,,,
61,5269,,,,,,,,,,,,,,,,,,,,,,,,,,,98.79499816894531,92.80033111572266,0.16764944791793823,0.20052263140678406,0.08718399703502655,156.2784423828125,164.46185302734375,0.08718399703502655,0.07010593265295029,0.013242567889392376,0.006927676033228636,7.12884429958649e-05,0.006243601907044649
61,5269,,,,,,,,,,,,,,45.583927154541016,40.39718246459961,0.30792325735092163,0.3572516143321991,0.2298991084098816,59.91985321044922,64.37681579589844,0.2298991084098816,0.22124455869197845,0.0025567819830030203,0.0012784816790372133,5.574808892561123e-05,0.0012225521495565772,,,,,,,,,,,,,
62,5354,,,,,,,,,,,,,,,,,,,,,,,,,,,94.68888092041016,87.81192779541016,0.18408577144145966,0.20952093601226807,0.09044566005468369,151.7759246826172,152.1412353515625,0.0882386639714241,0.09044566005468369,0.013099094852805138,0.007113517727702856,7.121494854800403e-05,0.005914364475756884
62,5354,,,,,,,,,,,,,,44.47280502319336,38.97688293457031,0.3153564929962158,0.36897197365760803,0.24186477065086365,57.949310302734375,62.64079284667969,0.24186477065086365,0.2306155562400818,0.0024327277205884457,0.0012235363246873021,5.495277582667768e-05,0.001154238940216601,,,,,,,,,,,,,
63,5439,,,,,,,,,,,,,,,,,,,,,,,,,,,95.074951171875,88.0787124633789,0.1779344379901886,0.21806135773658752,0.10621650516986847,147.0770721435547,151.78384399414062,0.10621650516986847,0.09847690165042877,0.01345742680132389,0.007132931146770716,6.862504233140498e-05,0.0062558697536587715
63,5439,,,,,,,,,,,,,,44.30807876586914,38.910545349121094,0.317026287317276,0.36920326948165894,0.23937124013900757,58.22564697265625,62.10300064086914,0.23937124013900757,0.23316803574562073,0.0024167390074580908,0.0012180531630292535,5.340036659617908e-05,0.0011452847393229604,,,,,,,,,,,,,
64,5524,,,,,,,,,,,,,,,,,,,,,,,,,,,99.089599609375,87.00733184814453,0.17494700849056244,0.21835055947303772,0.10299168527126312,155.18841552734375,152.03640747070312,0.09554033726453781,0.10299168527126312,0.013248385861515999,0.007301777601242065,6.756094808224589e-05,0.00587904779240489
64,5524,,,,,,,,,,,,,,44.862308502197266,38.55374526977539,0.31281778216362,0.37237295508384705,0.2371266484260559,58.24800109863281,61.89168930053711,0.2371266484260559,0.231711745262146,0.0024092739913612604,0.0012422867584973574,5.228148074820638e-05,0.001114706159569323,,,,,,,,,,,,,
65,5609,,,,,,,,,,,,,,,,,,,,,,,,,,,99.6092758178711,93.00553131103516,0.1731361448764801,0.2090955525636673,0.09234677255153656,162.36468505859375,161.79397583007812,0.07604587823152542,0.09234677255153656,0.014358868822455406,0.007366108242422342,6.944105552975088e-05,0.006923319306224585
65,5609,,,,,,,,,,,,,,43.67675018310547,38.33473205566406,0.32120880484580994,0.3745803236961365,0.24453900754451752,56.88417434692383,61.660343170166016,0.24453900754451752,0.2324400544166565,0.0023306214716285467,0.0011782217770814896,5.1121522119501606e-05,0.0011012785835191607,,,,,,,,,,,,,
66,5694,,,,,,,,,,,,,,,,,,,,,,,,,,,100.19598388671875,92.32860565185547,0.17328619956970215,0.21091707050800323,0.08531246334314346,158.65049743652344,165.82086181640625,0.08531246334314346,0.07719070464372635,0.0142819220200181,0.007544643245637417,6.678138743154705e-05,0.0066704959608614445
66,5694,,,,,,,,,,,,,,43.96407699584961,38.24510192871094,0.3190137445926666,0.37545543909072876,0.24328747391700745,57.45947265625,61.56742477416992,0.24328747391700745,0.2352188229560852,0.002353034447878599,0.001199221471324563,5.093879735795781e-05,0.0011028744047507644,,,,,,,,,,,,,
67,5779,,,,,,,,,,,,,,,,,,,,,,,,,,,96.90789794921875,85.29949951171875,0.18708477914333344,0.22070272266864777,0.1098892018198967,153.84776306152344,147.3585662841797,0.1098892018198967,0.10905401408672333,0.012682907283306122,0.007192675955593586,6.563101487699896e-05,0.005424600560218096
67,5779,,,,,,,,,,,,,,43.383018493652344,38.72773742675781,0.3229968845844269,0.37069305777549744,0.24531711637973785,56.33636474609375,62.474754333496094,0.24531711637973785,0.23082880675792694,0.0023453370667994022,0.001166573609225452,5.115077874506824e-05,0.001127612660638988,,,,,,,,,,,,,
68,5864,,,,,,,,,,,,,,,,,,,,,,,,,,,96.69134521484375,86.04481506347656,0.1791459321975708,0.21447649598121643,0.09843612462282181,151.12240600585938,147.64874267578125,0.09843612462282181,0.09513160586357117,0.013288716785609722,0.007260748650878668,6.48566274321638e-05,0.005963111761957407
68,5864,,,,,,,,,,,,,,42.522193908691406,37.620906829833984,0.32868048548698425,0.3783752918243408,0.25070637464523315,55.85276794433594,61.26836013793945,0.25070637464523315,0.2330525815486908,0.002235960680991411,0.0011190844234079123,5.00700953125488e-05,0.001066806842572987,,,,,,,,,,,,,
69,5949,,,,,,,,,,,,,,,,,,,,,,,,,,,97.07568359375,87.49224090576172,0.17767205834388733,0.22544211149215698,0.0971551239490509,154.04344177246094,153.81834411621094,0.08212267607450485,0.0971551239490509,0.013303509913384914,0.007056431379169226,6.815674714744091e-05,0.006178921088576317
69,5949,,,,,,,,,,,,,,42.540985107421875,37.88848876953125,0.32917144894599915,0.37760138511657715,0.2502390742301941,55.6737060546875,61.50984573364258,0.2502390742301941,0.23301932215690613,0.0022515112068504095,0.0011272089323028922,4.98533045174554e-05,0.001074449042789638,,,,,,,,,,,,,
70,6034,,,,,,,,,,,,,,,,,,,,,,,,,,,98.86715698242188,86.63819122314453,0.1856963038444519,0.23184338212013245,0.10573884844779968,155.01608276367188,153.3169708251953,0.09531314671039581,0.10573884844779968,0.013935795053839684,0.007703685667365789,6.503503391286358e-05,0.006167073734104633
70,6034,,,,,,,,,,,,,,42.58327865600586,37.259307861328125,0.3278577923774719,0.38025686144828796,0.2531502842903137,55.474853515625,59.81141662597656,0.2531502842903137,0.23846988379955292,0.0022254413925111294,0.0011244399938732386,4.981605161447078e-05,0.0010511843720450997,,,,,,,,,,,,,
71,6119,,,,,,,,,,,,,,,,,,,,,,,,,,,96.91578674316406,88.64318084716797,0.1846706122159958,0.21725963056087494,0.09734825789928436,150.9849395751953,153.77572631835938,0.09734825789928436,0.09199255704879761,0.013603007420897484,0.007330409716814756,6.325642607407644e-05,0.006209342274814844
71,6119,,,,,,,,,,,,,,41.793399810791016,36.85312271118164,0.3333672881126404,0.3849467933177948,0.26245060563087463,53.63362503051758,59.644508361816406,0.26245060563087463,0.24152107536792755,0.002161134500056505,0.0010843815980479121,4.8974186938721687e-05,0.0010277790715917945,,,,,,,,,,,,,
72,6204,,,,,,,,,,,,,,,,,,,,,,,,,,,94.87812042236328,89.61735534667969,0.18008963763713837,0.21120555698871613,0.08028198033571243,150.24696350097656,159.44464111328125,0.08028198033571243,0.07044080644845963,0.013171568512916565,0.006711173802614212,6.276856584008783e-05,0.006397627294063568
72,6204,,,,,,,,,,,,,,41.6154670715332,36.77753448486328,0.3356578052043915,0.38588911294937134,0.26060330867767334,53.795616149902344,59.30939483642578,0.26060330867767334,0.24096998572349548,0.00213727168738842,0.0010753496317192912,4.8032474296633154e-05,0.001013889443129301,,,,,,,,,,,,,
73,6289,,,,,,,,,,,,,,,,,,,,,,,,,,,96.74452209472656,87.05108642578125,0.17644067108631134,0.22177179157733917,0.08454838395118713,152.268798828125,155.16943359375,0.07895870506763458,0.08454838395118713,0.01307649165391922,0.007004584651440382,6.107832450652495e-05,0.006010828074067831
73,6289,,,,,,,,,,,,,,41.372901916503906,36.5325813293457,0.33777138590812683,0.3893626928329468,0.2620193362236023,53.4296875,60.105010986328125,0.2620193362236023,0.23795723915100098,0.002114636357873678,0.0010588406585156918,4.716758485301398e-05,0.0010086281690746546,,,,,,,,,,,,,
74,6374,,,,,,,,,,,,,,,,,,,,,,,,,,,93.01705932617188,83.8427505493164,0.18904390931129456,0.2290729284286499,0.10516607016324997,147.48585510253906,145.01925659179688,0.09180737286806107,0.10516607016324997,0.01239089947193861,0.006816086359322071,6.163016223581508e-05,0.005513181444257498
74,6374,,,,,,,,,,,,,,41.32925033569336,36.23960494995117,0.33688268065452576,0.3913728594779968,0.25849923491477966,53.8665657043457,59.0657844543457,0.25849923491477966,0.2442496120929718,0.002091313013806939,0.001053473330102861,4.6876190026523545e-05,0.0009909640066325665,,,,,,,,,,,,,
75,6459,,,,,,,,,,,,,,,,,,,,,,,,,,,94.14861297607422,89.23492431640625,0.19064609706401825,0.22422082722187042,0.09048596024513245,150.4322052001953,161.5713653564453,0.09048596024513245,0.07887179404497147,0.013599633239209652,0.007040871307253838,6.300950917648152e-05,0.006495753303170204
75,6459,,,,,,,,,,,,,,41.168365478515625,36.4702262878418,0.33854424953460693,0.3904028534889221,0.2636517286300659,53.20368576049805,59.43653106689453,0.2636517286300659,0.2431337982416153,0.002110376488417387,0.0010545516852289438,4.7138917580014095e-05,0.0010086860274896026,,,,,,,,,,,,,
76,6544,,,,,,,,,,,,,,,,,,,,,,,,,,,94.7703857421875,87.25410461425781,0.18194027245044708,0.21881811320781708,0.09617238491773605,151.7453155517578,152.8026885986328,0.08596286922693253,0.09617238491773605,0.01261936966329813,0.006698399316519499,6.55940457363613e-05,0.005855375900864601
76,6544,,,,,,,,,,,,,,40.65117263793945,36.85711669921875,0.34338587522506714,0.3854101002216339,0.2692984640598297,52.56949996948242,59.87807083129883,0.2692984640598297,0.23673932254314423,0.0020992602221667767,0.0010289264610037208,4.696494943345897e-05,0.0010233689099550247,,,,,,,,,,,,,
77,6629,,,,,,,,,,,,,,,,,,,,,,,,,,,92.73053741455078,84.88502502441406,0.19411180913448334,0.2262517362833023,0.10574082285165787,145.77459716796875,147.74114990234375,0.09451647102832794,0.10574082285165787,0.012875810265541077,0.006931329611688852,6.217858026502654e-05,0.005882302764803171
77,6629,,,,,,,,,,,,,,40.39597702026367,35.777923583984375,0.3453664183616638,0.39619481563568115,0.2702198326587677,51.94706344604492,58.11738967895508,0.2702198326587677,0.24990592896938324,0.002024190966039896,0.0010093080345541239,4.691790309152566e-05,0.0009679647628217936,,,,,,,,,,,,,
78,6714,,,,,,,,,,,,,,,,,,,,,,,,,,,94.47783660888672,87.56673431396484,0.1912107616662979,0.23030702769756317,0.09196815639734268,151.04942321777344,158.50588989257812,0.09073517471551895,0.09196815639734268,0.012972844764590263,0.006962118204683065,6.170712731545791e-05,0.005949018057435751
78,6714,,,,,,,,,,,,,,40.58098220825195,35.64751434326172,0.3435256779193878,0.3956281542778015,0.26658928394317627,52.5599250793457,57.871864318847656,0.26658928394317627,0.250713974237442,0.00203144084662199,0.0010206212755292654,4.6165165258571506e-05,0.0009646550170145929,,,,,,,,,,,,,
79,6799,,,,,,,,,,,,,,,,,,,,,,,,,,,92.87696075439453,84.59092712402344,0.19930815696716309,0.2440790832042694,0.11830396950244904,146.45945739746094,149.83953857421875,0.10537689924240112,0.11830396950244904,0.012644018046557903,0.006753891706466675,5.846965723321773e-05,0.005831656977534294
79,6799,,,,,,,,,,,,,,39.85936737060547,34.82807159423828,0.34911298751831055,0.4027520716190338,0.27280303835868835,51.579010009765625,55.730159759521484,0.27280303835868835,0.26153481006622314,0.0019517854088917375,0.0009870589710772038,4.5382450480246916e-05,0.0009193430887535214,,,,,,,,,,,,,
80,6884,,,,,,,,,,,,,,,,,,,,,,,,,,,96.77275085449219,84.41144561767578,0.18673118948936462,0.2381756603717804,0.09905867278575897,154.4886932373047,151.4985809326172,0.08706478029489517,0.09905867278575897,0.013134327717125416,0.007225363980978727,5.867737127118744e-05,0.0058502876199781895
80,6884,,,,,,,,,,,,,,39.39395523071289,34.37920379638672,0.35284915566444397,0.408764123916626,0.27759698033332825,50.94820022583008,56.32501220703125,0.27759698033332825,0.2577604651451111,0.0019112855661660433,0.0009637050679884851,4.4251260987948626e-05,0.000903329870197922,,,,,,,,,,,,,
81,6969,,,,,,,,,,,,,,,,,,,,,,,,,,,95.05960845947266,90.97576141357422,0.18581609427928925,0.21072961390018463,0.09258466213941574,149.65301513671875,162.64990234375,0.09258466213941574,0.07651038467884064,0.013637174852192402,0.006781178060919046,5.961239730822854e-05,0.0067963856272399426
81,6969,,,,,,,,,,,,,,39.323246002197266,34.46842956542969,0.3533523380756378,0.40738946199417114,0.27798473834991455,50.620201110839844,55.696678161621094,0.27798473834991455,0.2582693099975586,0.001897413283586502,0.0009633385925553739,4.3492978875292465e-05,0.0008905814029276371,,,,,,,,,,,,,
82,7054,,,,,,,,,,,,,,,,,,,,,,,,,,,92.52084350585938,82.24797058105469,0.19699081778526306,0.24286392331123352,0.09941086918115616,147.74560546875,147.2157440185547,0.09941086918115616,0.09598185867071152,0.01221398450434208,0.006702517159283161,5.7008499425137416e-05,0.005454461555927992
82,7054,,,,,,,,,,,,,,39.17436218261719,34.628334045410156,0.3551974296569824,0.4061843454837799,0.27368414402008057,51.13082504272461,57.25895309448242,0.27368414402008057,0.25411906838417053,0.0019122533267363906,0.0009570113033987582,4.373521005618386e-05,0.0009115067077800632,,,,,,,,,,,,,
83,7139,,,,,,,,,,,,,,,,,,,,,,,,,,,93.06198120117188,85.98613739013672,0.19141656160354614,0.23207861185073853,0.10915299504995346,144.5598907470703,148.5089874267578,0.08802609145641327,0.10915299504995346,0.012462117709219456,0.0066461749374866486,5.8353733038529754e-05,0.005757589358836412
83,7139,,,,,,,,,,,,,,38.70463562011719,34.12505340576172,0.35880008339881897,0.4109107553958893,0.2830856144428253,50.244773864746094,56.34976577758789,0.2830856144428253,0.2582637667655945,0.0018763624830171466,0.0009389947517774999,4.310287840780802e-05,0.0008942647837102413,,,,,,,,,,,,,
84,7224,,,,,,,,,,,,,,,,,,,,,,,,,,,92.59418487548828,84.6795425415039,0.19224663078784943,0.22366715967655182,0.10060951858758926,145.69032287597656,147.1224365234375,0.10060951858758926,0.08911745995283127,0.012216600589454174,0.006615288555622101,5.7053021009778604e-05,0.005544258281588554
84,7224,,,,,,,,,,,,,,38.978572845458984,34.692413330078125,0.3569221794605255,0.40450939536094666,0.284498929977417,50.08916473388672,55.846160888671875,0.284498929977417,0.2582149803638458,0.0019234735518693924,0.0009517348371446133,4.409524262882769e-05,0.0009276430937461555,,,,,,,,,,,,,
85,7309,,,,,,,,,,,,,,,,,,,,,,,,,,,91.21537017822266,83.65119934082031,0.20044678449630737,0.2457500547170639,0.10962960869073868,143.34506225585938,147.7206268310547,0.10827192664146423,0.10962960869073868,0.012507845647633076,0.006539030000567436,5.6475186283933e-05,0.005912340246140957
85,7309,,,,,,,,,,,,,,38.55137634277344,33.89999771118164,0.36049899458885193,0.41228553652763367,0.2860451340675354,49.82475280761719,55.48230743408203,0.2860451340675354,0.2621127665042877,0.0018418955150991678,0.0009251916198991239,4.281894871382974e-05,0.0008738848264329135,,,,,,,,,,,,,
86,7394,,,,,,,,,,,,,,,,,,,,,,,,,,,90.8501968383789,88.44683837890625,0.1918572187423706,0.2341511994600296,0.09848564863204956,142.7678985595703,159.42575073242188,0.09848564863204956,0.08839438110589981,0.012750356458127499,0.006258053705096245,5.685706128133461e-05,0.006435447372496128
86,7394,,,,,,,,,,,,,,38.4572868347168,33.58454132080078,0.3604980707168579,0.4152234196662903,0.2835789918899536,49.61967849731445,55.24678421020508,0.2835789918899536,0.26126208901405334,0.0018231418216601014,0.0009243645472452044,4.17994633608032e-05,0.0008569773635827005,,,,,,,,,,,,,
87,7479,,,,,,,,,,,,,,,,,,,,,,,,,,,93.81462860107422,86.57646179199219,0.1925409883260727,0.23092305660247803,0.09718967229127884,144.54086303710938,156.87982177734375,0.09718967229127884,0.0740114152431488,0.012963385321199894,0.006791348103433847,5.793954915134236e-05,0.0061140963807702065
87,7479,,,,,,,,,,,,,,38.38920974731445,33.88813400268555,0.36138880252838135,0.41106775403022766,0.28745236992836,49.26716613769531,55.685611724853516,0.28745236992836,0.25873252749443054,0.0018421636195853353,0.0009192069992423058,4.256331885699183e-05,0.0008803934324532747,,,,,,,,,,,,,
88,7564,,,,,,,,,,,,,,,,,,,,,,,,,,,88.7659683227539,81.15972900390625,0.20992816984653473,0.2566754221916199,0.12201517820358276,137.91937255859375,139.3753662109375,0.11689074337482452,0.12201517820358276,0.011942879296839237,0.006371574476361275,5.47577983525116e-05,0.005516545847058296
88,7564,,,,,,,,,,,,,,37.55192565917969,32.49824523925781,0.36798539757728577,0.42523080110549927,0.29454243183135986,48.525047302246094,53.456417083740234,0.29454243183135986,0.27309587597846985,0.0017277976730838418,0.00088066968601197,4.100440128240734e-05,0.0008061238913796842,,,,,,,,,,,,,
89,7649,,,,,,,,,,,,,,,,,,,,,,,,,,,91.49425506591797,82.89928436279297,0.1969096064567566,0.2470303624868393,0.1113428995013237,144.10960388183594,146.95692443847656,0.09069298952817917,0.1113428995013237,0.012273992411792278,0.006442381534725428,5.379075082601048e-05,0.0057778190821409225
89,7649,,,,,,,,,,,,,,38.32530212402344,32.758853912353516,0.3631913363933563,0.42380520701408386,0.29057228565216064,49.3262939453125,53.390472412109375,0.29057228565216064,0.27336543798446655,0.0017817228799685836,0.0009216860053129494,4.075722608831711e-05,0.0008192799868993461,,,,,,,,,,,,,
90,7734,,,,,,,,,,,,,,,,,,,,,,,,,,,90.08534240722656,84.24927520751953,0.2056727558374405,0.24501672387123108,0.11103630810976028,139.75636291503906,149.5530548095703,0.11103630810976028,0.10277357697486877,0.012686027213931084,0.006499187555164099,5.6333978136535734e-05,0.0061305067501962185
90,7734,,,,,,,,,,,,,,37.403045654296875,32.484283447265625,0.36926373839378357,0.42460015416145325,0.2943057119846344,48.0445556640625,53.2518424987793,0.2943057119846344,0.27364709973335266,0.0017197226407006383,0.0008707098895683885,4.0418926801066846e-05,0.0008085939334705472,,,,,,,,,,,,,
91,7819,,,,,,,,,,,,,,,,,,,,,,,,,,,91.16705322265625,87.21324157714844,0.20128647983074188,0.2409420758485794,0.10222963243722916,142.29373168945312,153.57012939453125,0.10222963243722916,0.09018299728631973,0.013395518995821476,0.0064918482676148415,5.574671013164334e-05,0.006847926415503025
91,7819,,,,,,,,,,,,,,37.19657897949219,32.38235092163086,0.3704322874546051,0.42444369196891785,0.29344525933265686,48.55510330200195,52.995269775390625,0.29344525933265686,0.2715299129486084,0.001698969746939838,0.0008591563673689961,4.0379425627179444e-05,0.0007994340267032385,,,,,,,,,,,,,
92,7904,,,,,,,,,,,,,,,,,,,,,,,,,,,91.42203521728516,85.3194580078125,0.19998718798160553,0.24541929364204407,0.10478609800338745,141.9047393798828,156.31114196777344,0.10478609800338745,0.0997086837887764,0.012541281059384346,0.0065717981196939945,5.408610377344303e-05,0.0059153977781534195
92,7904,,,,,,,,,,,,,,37.64841842651367,32.47002029418945,0.3675103187561035,0.426335871219635,0.29237988591194153,48.59995651245117,53.25577926635742,0.29237988591194153,0.27353635430336,0.0017308411188423634,0.0008873861515894532,3.9842088881414384e-05,0.000803612929303199,,,,,,,,,,,,,
93,7989,,,,,,,,,,,,,,,,,,,,,,,,,,,94.003662109375,86.61412811279297,0.19352178275585175,0.2428186535835266,0.10463235527276993,147.9455108642578,152.00579833984375,0.09641090035438538,0.10463235527276993,0.013513981364667416,0.006996565964072943,5.453058474813588e-05,0.006462883669883013
93,7989,,,,,,,,,,,,,,37.106903076171875,32.73396682739258,0.37267112731933594,0.42259976267814636,0.29363954067230225,47.735416412353516,53.71608352661133,0.29363954067230225,0.2650417387485504,0.0017101939301937819,0.0008572002407163382,3.999307955382392e-05,0.0008130010683089495,,,,,,,,,,,,,
94,8074,,,,,,,,,,,,,,,,,,,,,,,,,,,92.68836975097656,85.24341583251953,0.19699782133102417,0.2383997142314911,0.10270200669765472,146.82235717773438,150.96844482421875,0.10270200669765472,0.0883953645825386,0.012747460976243019,0.006785212550312281,5.4068255849415436e-05,0.005908179096877575
94,8074,,,,,,,,,,,,,,36.81926345825195,32.6265869140625,0.3748217225074768,0.42452123761177063,0.29773369431495667,47.28977966308594,53.16896057128906,0.29773369431495667,0.27435028553009033,0.0016964615788310766,0.0008459474192932248,3.985461080446839e-05,0.0008106594323180616,,,,,,,,,,,,,
95,8159,,,,,,,,,,,,,,,,,,,,,,,,,,,91.34132385253906,84.84215545654297,0.19839949905872345,0.2544867992401123,0.10794073343276978,143.34710693359375,150.54771423339844,0.10184928774833679,0.10794073343276978,0.01296449825167656,0.006572460290044546,5.3337516874307767e-05,0.0063387006521224976
95,8159,,,,,,,,,,,,,,36.222503662109375,31.309688568115234,0.37981346249580383,0.43640372157096863,0.3049262464046478,46.41765213012695,50.750221252441406,0.3049262464046478,0.2871769070625305,0.001604339457117021,0.0008223816403187811,3.8780672184657305e-05,0.0007431774865835905,,,,,,,,,,,,,
96,8244,,,,,,,,,,,,,,,,,,,,,,,,,,,87.6896743774414,83.13036346435547,0.2120550572872162,0.25586673617362976,0.1159932017326355,139.02554321289062,147.0929412841797,0.11316659301519394,0.1159932017326355,0.011910732835531235,0.00615084171295166,5.237422737991437e-05,0.0057075172662734985
96,8244,,,,,,,,,,,,,,36.20600128173828,30.980422973632812,0.3801669776439667,0.44004249572753906,0.3078485429286957,46.45386505126953,50.57815933227539,0.3078485429286957,0.29052039980888367,0.0015998182352632284,0.0008250980172306299,3.783744614338502e-05,0.0007368824444711208,,,,,,,,,,,,,
97,8329,,,,,,,,,,,,,,,,,,,,,,,,,,,90.28133392333984,84.71785736083984,0.20364348590373993,0.2444790005683899,0.11455786973237991,144.53457641601562,147.47357177734375,0.09771064668893814,0.11455786973237991,0.012639102526009083,0.006408378481864929,5.3787905926583335e-05,0.006176936440169811
97,8329,,,,,,,,,,,,,,36.11643981933594,32.126197814941406,0.38069990277290344,0.4297060966491699,0.3038421869277954,46.66318893432617,52.43549346923828,0.3038421869277954,0.27471062541007996,0.0016401015454903245,0.0008156190160661936,3.846477920887992e-05,0.000786017975769937,,,,,,,,,,,,,
98,8414,,,,,,,,,,,,,,,,,,,,,,,,,,,92.04385375976562,85.71544647216797,0.20268374681472778,0.24706876277923584,0.10326826572418213,145.8072509765625,153.3572540283203,0.10326826572418213,0.08028832823038101,0.013266196474432945,0.00679154833778739,5.483486893353984e-05,0.006419813260436058
98,8414,,,,,,,,,,,,,,35.421653747558594,31.322729110717773,0.38577646017074585,0.4357786178588867,0.310669481754303,45.671939849853516,51.31822967529297,0.310669481754303,0.2863331735134125,0.0015686219558119774,0.0007839727331884205,3.914669287041761e-05,0.000745502591598779,,,,,,,,,,,,,
99,8499,,,,,,,,,,,,,,,,,,,,,,,,,,,90.71354675292969,84.51036834716797,0.20425857603549957,0.251293420791626,0.10126248747110367,143.74301147460938,149.59271240234375,0.10126248747110367,0.10084910690784454,0.012916583567857742,0.006577756721526384,5.3336003475124016e-05,0.006285490933805704
99,8499,,,,,,,,,,,,,,35.681793212890625,30.757070541381836,0.38436269760131836,0.44053125381469727,0.3062819540500641,46.24093246459961,49.70853042602539,0.3062819540500641,0.29278671741485596,0.0015511183300986886,0.000796121486928314,3.808625478995964e-05,0.0007169101154431701,,,,,,,,,,,,,
100,8500,94.74629211425781,81.52974700927734,0.14911718666553497,0.23308078944683075,0.10655733942985535,133.96005249023438,121.34773254394531,0.06950803846120834,0.10655733942985535,0.022390317171812057,0.014154229313135147,9.786121518118307e-05,0.00813822541385889,,,,,,,,,,,,,,,,,,,,,,,,,,
