epoch,step,test_ADE,test_ADE_from_vel,test_AIOU,test_AIOU_from_vel,test_Best_FIOU,test_FDE,test_FDE_from_vel,test_FIOU,test_FIOU_from_vel,test_loss,test_positions_loss,test_sizes_loss,train_ADE,train_ADE_from_vel,train_AIOU,train_AIOU_from_vel,train_Best_FIOU,train_FDE,train_FDE_from_vel,train_FIOU,train_FIOU_from_vel,train_loss,train_positions_loss,train_sizes_loss,val_ADE,val_ADE_from_vel,val_AIOU,val_AIOU_from_vel,val_Best_FIOU,val_FDE,val_FDE_from_vel,val_FIOU,val_FIOU_from_vel,val_loss,val_positions_loss,val_sizes_loss
0,84,,,,,,,,,,,,,,,,,,,,,,,,,127.58766174316406,256.9122314453125,0.06494110077619553,0.00512701366096735,0.04893628507852554,155.00823974609375,324.6944580078125,0.04893628507852554,0.00021290412405505776,0.06020761653780937,0.008195262402296066,0.001160687766969204
0,84,,,,,,,,,,,,,147.7152099609375,259.4863586425781,0.04208635166287422,0.005821669939905405,0.03563499450683594,159.33554077148438,305.4601745605469,0.03563499450683594,0.0008121139253489673,0.07181567698717117,0.011288903653621674,0.0034589911811053753,,,,,,,,,,,,
1,169,,,,,,,,,,,,,,,,,,,,,,,,,93.87604522705078,187.58895874023438,0.0998273566365242,0.011101076379418373,0.06802118569612503,129.83885192871094,284.5464172363281,0.06802118569612503,0.00017626780027057976,0.0312211811542511,0.0043788328766822815,0.0006145585211925209
1,169,,,,,,,,,,,,,94.65614318847656,169.2120819091797,0.09610846638679504,0.01448104064911604,0.06871458142995834,116.4205093383789,214.2890625,0.06871458142995834,0.0028323838487267494,0.031001854687929153,0.004795383661985397,0.001001424272544682,,,,,,,,,,,,
2,254,,,,,,,,,,,,,,,,,,,,,,,,,90.86415100097656,125.02598571777344,0.10887743532657623,0.07078035920858383,0.0730622187256813,122.98627471923828,167.4356231689453,0.0730622187256813,0.041678786277770996,0.017845161259174347,0.0036895042285323143,0.00041061436058953404
2,254,,,,,,,,,,,,,82.67579650878906,127.08941650390625,0.12249204516410828,0.06419257074594498,0.08679594099521637,101.93702697753906,178.31459045410156,0.08679594099521637,0.022576598450541496,0.01822211965918541,0.0032791553530842066,0.00060048489831388,,,,,,,,,,,,
3,339,,,,,,,,,,,,,,,,,,,,,,,,,83.13894653320312,84.98717498779297,0.12959712743759155,0.13417693972587585,0.08946350961923599,113.99018859863281,130.60325622558594,0.08946350961923599,0.059590764343738556,0.011783159337937832,0.002883544424548745,0.00032687000930309296
3,339,,,,,,,,,,,,,77.8154296875,95.69346618652344,0.14044249057769775,0.11171603202819824,0.10203105211257935,96.70352172851562,138.82821655273438,0.10203105211257935,0.04669209569692612,0.013164727948606014,0.0026979767717421055,0.000494136183988303,,,,,,,,,,,,
4,424,,,,,,,,,,,,,,,,,,,,,,,,,75.86309814453125,63.20274353027344,0.15269936621189117,0.1954302191734314,0.11854907125234604,111.44209289550781,99.39448547363281,0.09563286602497101,0.11854907125234604,0.008924605324864388,0.0023842197842895985,0.0002793798630591482
4,424,,,,,,,,,,,,,71.3779525756836,66.10306549072266,0.1624876707792282,0.18663373589515686,0.12111655622720718,90.5533676147461,93.84937286376953,0.12111655622720718,0.10768892616033554,0.00905144214630127,0.0022161996457725763,0.0004254661325830966,,,,,,,,,,,,
5,509,,,,,,,,,,,,,,,,,,,,,,,,,77.64507293701172,77.28793334960938,0.1472807377576828,0.15792697668075562,0.08584999293088913,116.70580291748047,145.86219787597656,0.08584999293088913,0.02935599908232689,0.010015926323831081,0.002329879207536578,0.00025288554024882615
5,509,,,,,,,,,,,,,68.01057434082031,63.70463562011719,0.1761958748102188,0.19334474205970764,0.12497323006391525,88.23515319824219,96.49790954589844,0.12497323006391525,0.0887475460767746,0.008397127501666546,0.001981892390176654,0.0003890572988893837,,,,,,,,,,,,
6,594,,,,,,,,,,,,,,,,,,,,,,,,,71.6767349243164,62.7988395690918,0.17072412371635437,0.2036033570766449,0.10505033284425735,106.85923767089844,110.60774230957031,0.10505033284425735,0.06585107743740082,0.008039122447371483,0.002074155258014798,0.00022939768678043038
6,594,,,,,,,,,,,,,65.94402313232422,61.12135314941406,0.18549872934818268,0.21700850129127502,0.1301572024822235,86.49942016601562,97.11297607421875,0.1301572024822235,0.09799829125404358,0.0076298280619084835,0.0018341585528105497,0.0003586680395528674,,,,,,,,,,,,
7,679,,,,,,,,,,,,,,,,,,,,,,,,,68.00408935546875,53.669586181640625,0.18307307362556458,0.24946805834770203,0.1197005957365036,102.61359405517578,96.55597686767578,0.1135634258389473,0.1197005957365036,0.006968374364078045,0.001854925649240613,0.00020964720170013607
7,679,,,,,,,,,,,,,63.44105911254883,53.84395980834961,0.19731882214546204,0.2524138391017914,0.1404433250427246,82.6669692993164,85.46369171142578,0.1404433250427246,0.12708964943885803,0.00671000313013792,0.0016840709140524268,0.000334959797328338,,,,,,,,,,,,
8,764,,,,,,,,,,,,,,,,,,,,,,,,,68.1646499633789,57.96759796142578,0.1854141652584076,0.23938597738742828,0.11125858873128891,102.94865417480469,100.2928466796875,0.11125858873128891,0.10307462513446808,0.00714551005512476,0.0018716779304668307,0.00019797390268649906
8,764,,,,,,,,,,,,,60.479209899902344,49.614044189453125,0.21236610412597656,0.2791679799556732,0.15161758661270142,79.2811279296875,78.49454498291016,0.15161758661270142,0.15160752832889557,0.006055314559489489,0.0015392747009173036,0.00032087264116853476,,,,,,,,,,,,
9,849,,,,,,,,,,,,,,,,,,,,,,,,,68.46214294433594,68.38221740722656,0.1812339574098587,0.21462024748325348,0.11803807318210602,103.82791137695312,123.5828857421875,0.11803807318210602,0.07975169271230698,0.0076170144602656364,0.001797944656573236,0.000189662299817428
9,849,,,,,,,,,,,,,58.60807800292969,47.155948638916016,0.22162236273288727,0.298367440700531,0.1639632284641266,77.52149200439453,75.25955200195312,0.15741948783397675,0.1639632284641266,0.005628920625895262,0.0014377627521753311,0.0003118815366178751,,,,,,,,,,,,
10,934,,,,,,,,,,,,,,,,,,,,,,,,,64.84803771972656,49.81599426269531,0.195848748087883,0.2781563401222229,0.12764200568199158,98.58099365234375,92.87789154052734,0.12764200568199158,0.12618431448936462,0.006019922439008951,0.0016159239457920194,0.00018283083045389503
10,934,,,,,,,,,,,,,57.361671447753906,46.47473907470703,0.22824865579605103,0.30700528621673584,0.16917784512043,75.66295623779297,75.06355285644531,0.16485026478767395,0.16917784512043,0.005438107997179031,0.0013691398780792952,0.0002985379833262414,,,,,,,,,,,,
11,1019,,,,,,,,,,,,,,,,,,,,,,,,,65.54458618164062,48.23073196411133,0.20206832885742188,0.2812311351299286,0.1408235877752304,98.15678405761719,93.61510467529297,0.1408235877752304,0.104414202272892,0.0064355116337537766,0.0017414259491488338,0.0001822914055082947
11,1019,,,,,,,,,,,,,55.493896484375,45.39622497558594,0.23793339729309082,0.3138849139213562,0.17193077504634857,73.71700286865234,74.25564575195312,0.17193077504634857,0.1679549217224121,0.005086242221295834,0.0012785382568836212,0.00029251122032292187,,,,,,,,,,,,
12,1104,,,,,,,,,,,,,,,,,,,,,,,,,64.55152130126953,48.71300506591797,0.20388805866241455,0.3128632605075836,0.13551199436187744,100.7471923828125,98.1629409790039,0.1261657327413559,0.13551199436187744,0.006094365380704403,0.0016486609820276499,0.00017065618885681033
12,1104,,,,,,,,,,,,,54.1660041809082,43.34402084350586,0.24625550210475922,0.3265683650970459,0.17716309428215027,72.18428802490234,72.03482055664062,0.17716309428215027,0.17086324095726013,0.00483241630718112,0.0012163480278104544,0.00028913491405546665,,,,,,,,,,,,
13,1189,,,,,,,,,,,,,,,,,,,,,,,,,60.83980178833008,44.93296432495117,0.22239693999290466,0.30925366282463074,0.14169089496135712,95.75965881347656,89.30250549316406,0.14169089496135712,0.12745165824890137,0.005590454209595919,0.0014986142050474882,0.00017115214723162353
13,1189,,,,,,,,,,,,,52.81289291381836,41.515380859375,0.25388553738594055,0.3416857421398163,0.18799491226673126,71.04094696044922,68.88998413085938,0.18445131182670593,0.18799491226673126,0.004643445834517479,0.001160759013146162,0.00028298384859226644,,,,,,,,,,,,
14,1274,,,,,,,,,,,,,,,,,,,,,,,,,65.2076644897461,45.40122985839844,0.20661747455596924,0.33268994092941284,0.15128183364868164,105.67251586914062,91.1502456665039,0.12631511688232422,0.15128183364868164,0.006309842225164175,0.0017433003522455692,0.00016600842354819179
14,1274,,,,,,,,,,,,,51.74296569824219,41.446990966796875,0.25996702909469604,0.3397258222103119,0.18647640943527222,69.32962799072266,69.4637451171875,0.18647640943527222,0.17466822266578674,0.00449888501316309,0.0011102870339527726,0.00028295328957028687,,,,,,,,,,,,
15,1359,,,,,,,,,,,,,,,,,,,,,,,,,61.07822799682617,43.614437103271484,0.22204133868217468,0.3328400254249573,0.15336811542510986,101.00345611572266,87.43973541259766,0.12695492804050446,0.15336811542510986,0.005550767760723829,0.001523067126981914,0.00016229580796789378
15,1359,,,,,,,,,,,,,50.270103454589844,35.401336669921875,0.26881685853004456,0.3922639489173889,0.24331648647785187,66.81018829345703,57.58382034301758,0.19620801508426666,0.24331648647785187,0.004034168086946011,0.001045404002070427,0.00027635766309686005,,,,,,,,,,,,
16,1444,,,,,,,,,,,,,,,,,,,,,,,,,59.303123474121094,43.179988861083984,0.23198571801185608,0.3559407889842987,0.17489579319953918,93.43953704833984,88.3165054321289,0.14350154995918274,0.17489579319953918,0.005436355248093605,0.0014709851238876581,0.0001611974585102871
16,1444,,,,,,,,,,,,,48.67605209350586,36.55088806152344,0.27809128165245056,0.3795800805091858,0.21743439137935638,65.49323272705078,60.867916107177734,0.20418605208396912,0.21743439137935638,0.00392395444214344,0.000987906358204782,0.00027480945573188365,,,,,,,,,,,,
17,1529,,,,,,,,,,,,,,,,,,,,,,,,,57.33153533935547,41.358577728271484,0.244485005736351,0.36070185899734497,0.1875160038471222,97.00118255615234,81.26080322265625,0.1349489539861679,0.1875160038471222,0.005058870185166597,0.0013910025591030717,0.00016371575475204736
17,1529,,,,,,,,,,,,,48.189666748046875,34.705299377441406,0.2806170880794525,0.3985368013381958,0.23936647176742554,64.13420867919922,57.34831237792969,0.20627233386039734,0.23936647176742554,0.003799762576818466,0.0009646514663472772,0.00027778433286584914,,,,,,,,,,,,
18,1614,,,,,,,,,,,,,,,,,,,,,,,,,61.541259765625,53.66701889038086,0.2221735268831253,0.2772376537322998,0.12963634729385376,100.15335845947266,106.39701080322266,0.12963634729385376,0.08365145325660706,0.005925587844103575,0.0015107678482308984,0.00015704317775089294
18,1614,,,,,,,,,,,,,46.949684143066406,35.48316955566406,0.28996768593788147,0.3917771577835083,0.22679570317268372,62.748592376708984,59.46381759643555,0.21313202381134033,0.22679570317268372,0.003703272668644786,0.000917854136787355,0.0002736222231760621,,,,,,,,,,,,
19,1699,,,,,,,,,,,,,,,,,,,,,,,,,58.17054748535156,42.67832565307617,0.24347688257694244,0.35629692673683167,0.18204385042190552,96.84745025634766,85.8136215209961,0.14769411087036133,0.18204385042190552,0.005141168832778931,0.0013982641976326704,0.0001598980015842244
19,1699,,,,,,,,,,,,,46.61176681518555,33.88568878173828,0.2914818525314331,0.40757787227630615,0.2460355907678604,62.03153991699219,56.549015045166016,0.21452410519123077,0.2460355907678604,0.0035626546014100313,0.0008977893739938736,0.00026585691375657916,,,,,,,,,,,,
20,1784,,,,,,,,,,,,,,,,,,,,,,,,,56.14419937133789,45.00606155395508,0.25820496678352356,0.33874958753585815,0.15102285146713257,93.83069610595703,97.84117889404297,0.15102285146713257,0.1278172731399536,0.005362620577216148,0.0013868253445252776,0.00016562084783799946
20,1784,,,,,,,,,,,,,45.495933532714844,35.494869232177734,0.29778197407722473,0.39229893684387207,0.22081337869167328,60.47588348388672,60.9075813293457,0.22081337869167328,0.21184763312339783,0.0035234037786722183,0.0008585571777075529,0.00026683189207687974,,,,,,,,,,,,
21,1869,,,,,,,,,,,,,,,,,,,,,,,,,58.122684478759766,43.647098541259766,0.25139161944389343,0.3636317551136017,0.15693770349025726,100.90808868408203,93.75922393798828,0.14786477386951447,0.15693770349025726,0.005811178125441074,0.0015820622211322188,0.0001451724674552679
21,1869,,,,,,,,,,,,,44.11984634399414,31.015697479248047,0.308095246553421,0.43333226442337036,0.2734595835208893,58.09713363647461,50.904544830322266,0.23416952788829803,0.2734595835208893,0.00322959222830832,0.0008084360742941499,0.00026491665630601346,,,,,,,,,,,,
22,1954,,,,,,,,,,,,,,,,,,,,,,,,,58.08626937866211,46.72605895996094,0.2591886520385742,0.3564932644367218,0.15392877161502838,99.0346450805664,101.93852996826172,0.15392877161502838,0.1397773027420044,0.006207374855875969,0.0016442503547295928,0.0001415504957549274
22,1954,,,,,,,,,,,,,43.0445556640625,31.12641716003418,0.31634289026260376,0.43337124586105347,0.2665351927280426,56.540279388427734,51.9433708190918,0.2408437579870224,0.2665351927280426,0.0031149215064942837,0.0007743003079667687,0.0002548730990383774,,,,,,,,,,,,
23,2039,,,,,,,,,,,,,,,,,,,,,,,,,56.19908142089844,45.58882522583008,0.2604776918888092,0.34458059072494507,0.1582067906856537,93.61267852783203,95.66080474853516,0.1582067906856537,0.1374279111623764,0.005189943127334118,0.0013761867303401232,0.00012605766823980957
23,2039,,,,,,,,,,,,,43.35780334472656,31.259531021118164,0.31438377499580383,0.43210241198539734,0.2644444704055786,57.30026626586914,52.35042190551758,0.2352432757616043,0.2644444704055786,0.0030880537815392017,0.0007822383777238429,0.0002289381081936881,,,,,,,,,,,,
24,2124,,,,,,,,,,,,,,,,,,,,,,,,,54.706851959228516,43.18617248535156,0.27015799283981323,0.3552013337612152,0.15547917783260345,94.930419921875,89.90216064453125,0.15547917783260345,0.1524241417646408,0.0054828510619699955,0.0014739457983523607,0.00011656086280709133
24,2124,,,,,,,,,,,,,41.721580505371094,31.36962127685547,0.327997624874115,0.43158236145973206,0.26135703921318054,54.340614318847656,52.80440902709961,0.25361746549606323,0.26135703921318054,0.0029240103904157877,0.0007319342694245279,0.00020633646636269987,,,,,,,,,,,,
25,2209,,,,,,,,,,,,,,,,,,,,,,,,,56.567413330078125,43.519287109375,0.26108312606811523,0.3602927029132843,0.17473247647285461,96.89108276367188,89.97865295410156,0.14524519443511963,0.17473247647285461,0.005432983860373497,0.0014539924450218678,0.0001162994813057594
25,2209,,,,,,,,,,,,,41.3665885925293,29.436607360839844,0.3314729332923889,0.4491795301437378,0.28326088190078735,54.43589401245117,49.26091766357422,0.25194793939590454,0.28326088190078735,0.002779289847239852,0.0007128664874471724,0.0001842063502408564,,,,,,,,,,,,
26,2294,,,,,,,,,,,,,,,,,,,,,,,,,56.307674407958984,42.852210998535156,0.25911909341812134,0.3682282269001007,0.14843694865703583,96.08320617675781,95.9585952758789,0.14843694865703583,0.14387743175029755,0.0052216011099517345,0.0014054713537916541,0.00010935075988527387
26,2294,,,,,,,,,,,,,40.58195114135742,29.360374450683594,0.33722755312919617,0.44868794083595276,0.2790527641773224,52.96196365356445,48.9819450378418,0.2588845193386078,0.2790527641773224,0.0026709199883043766,0.0006831465871073306,0.00017434771871194243,,,,,,,,,,,,
27,2379,,,,,,,,,,,,,,,,,,,,,,,,,57.17890930175781,43.757102966308594,0.26754701137542725,0.38357818126678467,0.18096205592155457,96.30720520019531,90.84442901611328,0.16243770718574524,0.18096205592155457,0.005346350837498903,0.0014425977133214474,0.0001076195840141736
27,2379,,,,,,,,,,,,,39.560359954833984,27.693431854248047,0.3458358347415924,0.46569764614105225,0.30314648151397705,51.820655822753906,45.33499526977539,0.26618197560310364,0.30314648151397705,0.0025232417974621058,0.0006560762994922698,0.00016470288392156363,,,,,,,,,,,,
28,2464,,,,,,,,,,,,,,,,,,,,,,,,,53.86978530883789,39.546451568603516,0.28042566776275635,0.40564262866973877,0.19535468518733978,92.99543762207031,84.92557525634766,0.15840856730937958,0.19535468518733978,0.004875002894550562,0.00133665488101542,0.00010144761472474784
28,2464,,,,,,,,,,,,,39.68446731567383,28.321557998657227,0.3451746702194214,0.46109357476234436,0.28980517387390137,50.9449348449707,47.17832565307617,0.271669864654541,0.28980517387390137,0.002536472398787737,0.0006566710071638227,0.0001598090020706877,,,,,,,,,,,,
29,2549,,,,,,,,,,,,,,,,,,,,,,,,,54.5186767578125,42.272430419921875,0.28153836727142334,0.3795560598373413,0.1626032143831253,95.97209167480469,91.9624252319336,0.1626032143831253,0.15465211868286133,0.005319659598171711,0.0014482014812529087,9.764527203515172e-05
29,2549,,,,,,,,,,,,,38.371925354003906,26.870630264282227,0.356840044260025,0.47958582639694214,0.31645458936691284,49.410438537597656,44.255393981933594,0.28191661834716797,0.31645458936691284,0.0023792588617652655,0.0006208806880749762,0.00015644021914340556,,,,,,,,,,,,
30,2634,,,,,,,,,,,,,,,,,,,,,,,,,57.44038391113281,43.73183059692383,0.27929532527923584,0.39578843116760254,0.168333038687706,103.43724822998047,100.41685485839844,0.15649378299713135,0.168333038687706,0.006324028130620718,0.001701340894214809,0.00010316705447621644
30,2634,,,,,,,,,,,,,37.80292892456055,25.339860916137695,0.36095213890075684,0.49476292729377747,0.3391087055206299,48.19091033935547,41.06364440917969,0.28874802589416504,0.3391087055206299,0.00227878475561738,0.000602411397267133,0.00015226630785036832,,,,,,,,,,,,
31,2719,,,,,,,,,,,,,,,,,,,,,,,,,55.16402053833008,41.99004364013672,0.26717281341552734,0.38449347019195557,0.15103977918624878,94.79769134521484,92.20484161376953,0.12910394370555878,0.15103977918624878,0.005034465342760086,0.001343987532891333,0.0001064498137566261
31,2719,,,,,,,,,,,,,37.29191970825195,26.083253860473633,0.3664938807487488,0.4881782531738281,0.32467806339263916,47.21664810180664,43.08138656616211,0.29663315415382385,0.32467806339263916,0.002251084428280592,0.0005867271102033556,0.00014724992797710001,,,,,,,,,,,,
32,2804,,,,,,,,,,,,,,,,,,,,,,,,,55.555458068847656,42.35317611694336,0.26125702261924744,0.38107678294181824,0.16042284667491913,97.48394012451172,90.53350830078125,0.1289512664079666,0.16042284667491913,0.004989478271454573,0.001335339853540063,0.00010973775351885706
32,2804,,,,,,,,,,,,,36.561458587646484,24.35365104675293,0.3711282014846802,0.5074886083602905,0.3509525656700134,46.577362060546875,39.74686050415039,0.2992865741252899,0.3509525656700134,0.0021386228036135435,0.0005650333478115499,0.00014595899847336113,,,,,,,,,,,,
33,2889,,,,,,,,,,,,,,,,,,,,,,,,,52.538536071777344,39.87903594970703,0.28718385100364685,0.39206260442733765,0.19868220388889313,93.64527130126953,82.4513168334961,0.15886849164962769,0.19868220388889313,0.004637815989553928,0.0012753717601299286,9.702009265311062e-05
33,2889,,,,,,,,,,,,,35.89277267456055,24.32012367248535,0.37786248326301575,0.507731556892395,0.3476238548755646,45.307308197021484,39.621185302734375,0.30612072348594666,0.3476238548755646,0.0020875295158475637,0.0005468828021548688,0.00014334578008856624,,,,,,,,,,,,
34,2974,,,,,,,,,,,,,,,,,,,,,,,,,54.01202392578125,44.72112274169922,0.29371902346611023,0.3865695297718048,0.16409580409526825,95.9851303100586,100.42935943603516,0.16409580409526825,0.14377915859222412,0.005704184994101524,0.0014915704960003495,9.675729234004393e-05
34,2974,,,,,,,,,,,,,35.7537841796875,23.909496307373047,0.3789493143558502,0.5131772756576538,0.3561057150363922,44.511722564697266,38.68621063232422,0.3123447895050049,0.3561057150363922,0.002047485439106822,0.0005405714618973434,0.00014021643437445164,,,,,,,,,,,,
35,3059,,,,,,,,,,,,,,,,,,,,,,,,,54.19599151611328,48.84662628173828,0.28037315607070923,0.3212340176105499,0.14773942530155182,95.16167449951172,104.17987823486328,0.14773942530155182,0.090882807970047,0.00518699549138546,0.00133704231120646,9.41950420383364e-05
35,3059,,,,,,,,,,,,,35.9082145690918,25.1828670501709,0.3773338794708252,0.4998699724674225,0.33157554268836975,45.36611557006836,41.84477615356445,0.30702507495880127,0.33157554268836975,0.002063947729766369,0.0005406332202255726,0.00013319776917342097,,,,,,,,,,,,
36,3144,,,,,,,,,,,,,,,,,,,,,,,,,51.494998931884766,37.43104934692383,0.30643171072006226,0.4412901997566223,0.20512692630290985,93.41470336914062,86.03250122070312,0.1756996214389801,0.20512692630290985,0.004775588400661945,0.0013033105060458183,9.014106035465375e-05
36,3144,,,,,,,,,,,,,35.28622817993164,26.080568313598633,0.3831717371940613,0.49128061532974243,0.3182450532913208,43.595489501953125,43.916194915771484,0.3182450532913208,0.3138628602027893,0.0020366788376122713,0.0005253688432276249,0.00012845343735534698,,,,,,,,,,,,
37,3229,,,,,,,,,,,,,,,,,,,,,,,,,52.56106948852539,38.87847137451172,0.30610400438308716,0.43642956018447876,0.1813150942325592,93.1965103149414,89.35330963134766,0.17616769671440125,0.1813150942325592,0.004841404967010021,0.001322620315477252,9.270063310395926e-05
37,3229,,,,,,,,,,,,,34.237091064453125,23.25377082824707,0.39399805665016174,0.5213072896003723,0.3549284338951111,42.65506362915039,38.51430130004883,0.3256431221961975,0.3549284338951111,0.0018967922078445554,0.0005015030037611723,0.00012312601029407233,,,,,,,,,,,,
38,3314,,,,,,,,,,,,,,,,,,,,,,,,,51.89072799682617,38.899169921875,0.2993704676628113,0.42157599329948425,0.18355245888233185,93.81649780273438,85.39550018310547,0.15293854475021362,0.18355245888233185,0.004633611533790827,0.0012697692727670074,9.00479280971922e-05
38,3314,,,,,,,,,,,,,33.50254440307617,21.824613571166992,0.40030041337013245,0.5391280651092529,0.38116395473480225,40.94525146484375,35.482845306396484,0.3371826112270355,0.38116395473480225,0.001789824920706451,0.00047871991409920156,0.00011882656690431759,,,,,,,,,,,,
39,3399,,,,,,,,,,,,,,,,,,,,,,,,,51.994728088378906,39.49626922607422,0.2998272180557251,0.40505868196487427,0.17005333304405212,93.89492797851562,92.87195587158203,0.17005333304405212,0.14868506789207458,0.005073618143796921,0.0013632633490487933,8.959775732364506e-05
39,3399,,,,,,,,,,,,,33.41691589355469,23.987180709838867,0.4018527567386627,0.5147980451583862,0.34191983938217163,41.449954986572266,40.17501449584961,0.33499082922935486,0.34191983938217163,0.001815823488868773,0.0004780144081450999,0.00011190096847712994,,,,,,,,,,,,
40,3484,,,,,,,,,,,,,,,,,,,,,,,,,53.64585494995117,39.10841369628906,0.3050899803638458,0.4351038634777069,0.1889776736497879,99.16594696044922,89.51717376708984,0.15775834023952484,0.1889776736497879,0.005127862561494112,0.0014292580308392644,8.324286318384111e-05
40,3484,,,,,,,,,,,,,33.65122985839844,22.86957550048828,0.3984155058860779,0.5272036790847778,0.3575742840766907,41.856597900390625,37.95163345336914,0.33298495411872864,0.3575742840766907,0.0017978977411985397,0.00048188326763920486,0.00010716331598814577,,,,,,,,,,,,
41,3569,,,,,,,,,,,,,,,,,,,,,,,,,50.47773742675781,35.9272575378418,0.3127426207065582,0.43724170327186584,0.18685036897659302,88.61930084228516,82.31658935546875,0.18685036897659302,0.18292652070522308,0.004497857764363289,0.0012480486184358597,8.272747072624043e-05
41,3569,,,,,,,,,,,,,32.393638610839844,21.3038272857666,0.41215822100639343,0.5472328662872314,0.3866291046142578,39.26705551147461,34.815555572509766,0.352579802274704,0.3866291046142578,0.0016670904587954283,0.00045288552064448595,0.00010516663314774632,,,,,,,,,,,,
42,3654,,,,,,,,,,,,,,,,,,,,,,,,,51.47979736328125,39.3347053527832,0.3174278438091278,0.4387328326702118,0.19106261432170868,92.25055694580078,92.43934631347656,0.19106261432170868,0.18108892440795898,0.005053739063441753,0.001361315487883985,8.078586688498035e-05
42,3654,,,,,,,,,,,,,32.323036193847656,21.334257125854492,0.41240811347961426,0.5468389987945557,0.3841238021850586,40.02873992919922,35.297447204589844,0.34664177894592285,0.3841238021850586,0.0016598983202129602,0.00045001559192314744,0.00010336418199585751,,,,,,,,,,,,
43,3739,,,,,,,,,,,,,,,,,,,,,,,,,51.77827072143555,46.4721794128418,0.3019365966320038,0.3323318362236023,0.171858549118042,93.9803466796875,105.16724395751953,0.171858549118042,0.08252660930156708,0.005065728910267353,0.0013014946598559618,8.011596219148487e-05
43,3739,,,,,,,,,,,,,32.874427795410156,23.9150333404541,0.40705958008766174,0.5185053944587708,0.33951041102409363,41.213294982910156,40.60185241699219,0.3373962938785553,0.33951041102409363,0.0017511643236503005,0.0004646481538657099,9.991788829211146e-05,,,,,,,,,,,,
44,3824,,,,,,,,,,,,,,,,,,,,,,,,,52.27109909057617,38.95759201049805,0.30556249618530273,0.42340201139450073,0.19666357338428497,92.6727523803711,85.86323547363281,0.16950468719005585,0.19666357338428497,0.004678688477724791,0.001292698783800006,8.031184552237391e-05
44,3824,,,,,,,,,,,,,32.29777526855469,22.325969696044922,0.4137452244758606,0.5350732803344727,0.36111369729042053,38.629886627197266,37.18691635131836,0.3566368520259857,0.36111369729042053,0.0016620717942714691,0.0004451510903891176,9.809257608139887e-05,,,,,,,,,,,,
45,3909,,,,,,,,,,,,,,,,,,,,,,,,,50.51765441894531,37.16267395019531,0.31506025791168213,0.439872682094574,0.20147207379341125,89.90198516845703,82.45411682128906,0.169944167137146,0.20147207379341125,0.0044013881124556065,0.0012203131336718798,8.242255717050284e-05
45,3909,,,,,,,,,,,,,32.06338882446289,21.872127532958984,0.4155188202857971,0.5432584285736084,0.37391752004623413,39.64932632446289,36.612327575683594,0.35209500789642334,0.37391752004623413,0.0016328698256984353,0.0004411859845276922,9.46761283557862e-05,,,,,,,,,,,,
46,3994,,,,,,,,,,,,,,,,,,,,,,,,,49.43454360961914,38.59254455566406,0.3272353708744049,0.4272069036960602,0.18653550744056702,89.61669921875,90.17288970947266,0.18653550744056702,0.17850469052791595,0.004564956296235323,0.0012181753991171718,7.719387940596789e-05
46,3994,,,,,,,,,,,,,31.678438186645508,21.424299240112305,0.41931307315826416,0.5489872097969055,0.3822447955608368,38.88775634765625,35.75038528442383,0.35899078845977783,0.3822447955608368,0.001595665467903018,0.00043205221300013363,9.387497993884608e-05,,,,,,,,,,,,
47,4079,,,,,,,,,,,,,,,,,,,,,,,,,49.383487701416016,35.303897857666016,0.32824352383613586,0.4538815915584564,0.19751133024692535,89.96023559570312,82.24441528320312,0.18817958235740662,0.19751133024692535,0.004509480204433203,0.0012558879097923636,8.266352961072698e-05
47,4079,,,,,,,,,,,,,30.868667602539062,21.199542999267578,0.4281008243560791,0.5486137866973877,0.379835844039917,37.182899475097656,35.30953598022461,0.3715088963508606,0.379835844039917,0.0015339027158915997,0.0004105764674022794,9.174829756375402e-05,,,,,,,,,,,,
48,4164,,,,,,,,,,,,,,,,,,,,,,,,,48.756656646728516,41.19804382324219,0.32400646805763245,0.3991249203681946,0.1769273281097412,89.40956115722656,91.68709564208984,0.1769273281097412,0.1505059450864792,0.004575470462441444,0.001223870669491589,8.412440365646034e-05
48,4164,,,,,,,,,,,,,30.972074508666992,20.798799514770508,0.426796555519104,0.5591446161270142,0.39663106203079224,37.860164642333984,34.4818229675293,0.3638986051082611,0.39663106203079224,0.0015169691760092974,0.00041450996650382876,9.089950617635623e-05,,,,,,,,,,,,
49,4249,,,,,,,,,,,,,,,,,,,,,,,,,49.05124282836914,37.56943893432617,0.33262091875076294,0.45023268461227417,0.19165396690368652,91.54129028320312,91.06102752685547,0.19165396690368652,0.17931142449378967,0.004493895452469587,0.001201227423734963,7.675110100535676e-05
49,4249,,,,,,,,,,,,,31.306293487548828,22.329647064208984,0.42429158091545105,0.5392743349075317,0.3637582063674927,38.27738571166992,37.81907272338867,0.3637582063674927,0.362995445728302,0.0015780836110934615,0.0004235819214954972,8.984060696093366e-05,,,,,,,,,,,,
50,4334,,,,,,,,,,,,,,,,,,,,,,,,,49.671451568603516,35.82686996459961,0.3212358355522156,0.459201842546463,0.21605555713176727,92.04214477539062,85.52205657958984,0.18265928328037262,0.21605555713176727,0.004473336040973663,0.0012272277381271124,7.833522249711677e-05
50,4334,,,,,,,,,,,,,30.20069694519043,19.4559268951416,0.4342745840549469,0.5757672786712646,0.41940802335739136,36.2812385559082,31.796401977539062,0.3741178512573242,0.41940802335739136,0.0014338772743940353,0.0003958370944019407,8.744176011532545e-05,,,,,,,,,,,,
51,4419,,,,,,,,,,,,,,,,,,,,,,,,,52.188968658447266,38.45743942260742,0.321879118680954,0.44542115926742554,0.16673272848129272,98.34541320800781,96.00411224365234,0.16673272848129272,0.1663505584001541,0.005224999040365219,0.0014411782613024116,7.826092041796073e-05
51,4419,,,,,,,,,,,,,30.09727668762207,19.512081146240234,0.43712183833122253,0.5768517255783081,0.42015644907951355,36.96290588378906,31.972043991088867,0.3733006715774536,0.42015644907951355,0.0014158905250951648,0.0003942668263334781,8.343635272467509e-05,,,,,,,,,,,,
52,4504,,,,,,,,,,,,,,,,,,,,,,,,,48.19251251220703,35.171627044677734,0.33219385147094727,0.46310508251190186,0.20442742109298706,91.36531829833984,84.5330581665039,0.17464327812194824,0.20442742109298706,0.004277142230421305,0.001175631070509553,7.499544881284237e-05
52,4504,,,,,,,,,,,,,30.751249313354492,20.487506866455078,0.4307851791381836,0.5637176632881165,0.39996546506881714,37.99510955810547,34.15480422973633,0.3653748333454132,0.39996546506881714,0.0015036888653412461,0.0004114661132916808,8.575613901484758e-05,,,,,,,,,,,,
53,4589,,,,,,,,,,,,,,,,,,,,,,,,,51.257320404052734,38.515071868896484,0.32380053400993347,0.4426501393318176,0.20022620260715485,92.8282470703125,86.81427001953125,0.18948815762996674,0.20022620260715485,0.0049852849915623665,0.0013609456364065409,8.188367792172357e-05
53,4589,,,,,,,,,,,,,30.10767364501953,20.934789657592773,0.43720531463623047,0.5588459372520447,0.3923768997192383,36.77181625366211,35.00886535644531,0.3772273361682892,0.3923768997192383,0.0014594091335311532,0.0003958824963774532,8.133213123073801e-05,,,,,,,,,,,,
54,4674,,,,,,,,,,,,,,,,,,,,,,,,,49.19261169433594,35.84548568725586,0.3211384117603302,0.45958229899406433,0.1932964324951172,93.18711853027344,89.03748321533203,0.17633451521396637,0.1932964324951172,0.004525455646216869,0.0012328486191108823,8.850610174704343e-05
54,4674,,,,,,,,,,,,,29.720659255981445,19.398508071899414,0.44161540269851685,0.5791739821434021,0.42092809081077576,35.63642120361328,31.647796630859375,0.3831024169921875,0.42092809081077576,0.0013825988862663507,0.00038225657772272825,8.288671961054206e-05,,,,,,,,,,,,
55,4759,,,,,,,,,,,,,,,,,,,,,,,,,49.763648986816406,37.48338317871094,0.3241630792617798,0.44410425424575806,0.177677720785141,91.67365264892578,91.66053009033203,0.177677720785141,0.17189660668373108,0.004654641728848219,0.0012713074684143066,7.485709647880867e-05
55,4759,,,,,,,,,,,,,29.883121490478516,20.384201049804688,0.43985500931739807,0.5655506253242493,0.3979862928390503,36.43027114868164,34.067848205566406,0.3789454698562622,0.3979862928390503,0.0014524550642818213,0.0003965783107560128,8.078123209998012e-05,,,,,,,,,,,,
56,4844,,,,,,,,,,,,,,,,,,,,,,,,,49.72380447387695,37.080814361572266,0.3222828209400177,0.43518590927124023,0.182546004652977,90.60596466064453,84.55052947998047,0.1718798130750656,0.182546004652977,0.004279321990907192,0.00118854152970016,7.719817222096026e-05
56,4844,,,,,,,,,,,,,29.61451530456543,19.4165096282959,0.44387975335121155,0.5784788131713867,0.41848939657211304,36.292903900146484,31.94318199157715,0.3856576383113861,0.41848939657211304,0.0013965098187327385,0.0003879014984704554,7.96185340732336e-05,,,,,,,,,,,,
57,4929,,,,,,,,,,,,,,,,,,,,,,,,,49.14707946777344,39.79295349121094,0.3258114457130432,0.41294458508491516,0.19486349821090698,90.20848846435547,87.39409637451172,0.18987321853637695,0.19486349821090698,0.0046060043387115,0.0012336107902228832,8.216420246753842e-05
57,4929,,,,,,,,,,,,,30.000782012939453,20.888694763183594,0.43840596079826355,0.5602023601531982,0.3889597952365875,36.92937469482422,35.01355743408203,0.3735102117061615,0.3889597952365875,0.0014376681065186858,0.0003924585471395403,7.958111382322386e-05,,,,,,,,,,,,
58,5014,,,,,,,,,,,,,,,,,,,,,,,,,51.11909866333008,36.73530197143555,0.32270801067352295,0.45408350229263306,0.18412888050079346,95.34001922607422,89.98348236083984,0.17982684075832367,0.18412888050079346,0.005084342323243618,0.0014086549635976553,7.94797160779126e-05
58,5014,,,,,,,,,,,,,30.264131546020508,20.593244552612305,0.435174822807312,0.5641271471977234,0.39600899815559387,37.38077163696289,34.41792678833008,0.3688485324382782,0.39600899815559387,0.0014374195598065853,0.00039757296326570213,7.739390275673941e-05,,,,,,,,,,,,
59,5099,,,,,,,,,,,,,,,,,,,,,,,,,48.803443908691406,38.10783386230469,0.3341536223888397,0.4363359808921814,0.17085233330726624,93.98164367675781,91.646728515625,0.17085233330726624,0.15858206152915955,0.004422841127961874,0.0012093009427189827,7.647934398846701e-05
59,5099,,,,,,,,,,,,,29.88609504699707,20.55954360961914,0.44041189551353455,0.5656249523162842,0.39543265104293823,36.665611267089844,34.45507049560547,0.3757437765598297,0.39543265104293823,0.0014172508381307125,0.000389953755075112,7.680476846871898e-05,,,,,,,,,,,,
60,5184,,,,,,,,,,,,,,,,,,,,,,,,,51.88783645629883,39.583065032958984,0.3227153718471527,0.4398466944694519,0.1676870882511139,98.0630111694336,97.71871185302734,0.1676870882511139,0.15662825107574463,0.005280961748212576,0.0014448084402829409,7.168070442276075e-05
60,5184,,,,,,,,,,,,,29.13169288635254,20.189340591430664,0.44752392172813416,0.5678081512451172,0.3935832679271698,35.62168884277344,34.228519439697266,0.38639387488365173,0.3935832679271698,0.001367385732010007,0.00037307816091924906,7.766333146719262e-05,,,,,,,,,,,,
61,5269,,,,,,,,,,,,,,,,,,,,,,,,,51.516910552978516,37.44987106323242,0.31466737389564514,0.44312119483947754,0.20633646845817566,94.8779296875,84.34122467041016,0.15453067421913147,0.20633646845817566,0.0045331199653446674,0.0012661218643188477,7.675249071326107e-05
61,5269,,,,,,,,,,,,,28.470138549804688,18.547122955322266,0.45505571365356445,0.5905449986457825,0.4307102560997009,33.903934478759766,30.66055679321289,0.4015897810459137,0.4307102560997009,0.0012777653755620122,0.0003578402101993561,7.423708302667364e-05,,,,,,,,,,,,
62,5354,,,,,,,,,,,,,,,,,,,,,,,,,49.92727279663086,39.32330322265625,0.33329251408576965,0.41453397274017334,0.20058538019657135,88.57817840576172,89.77436828613281,0.20058538019657135,0.18042480945587158,0.004918129649013281,0.0013257752871140838,7.721992005826905e-05
62,5354,,,,,,,,,,,,,29.032817840576172,18.76457977294922,0.45152658224105835,0.5913090109825134,0.4321187138557434,36.13234329223633,31.315364837646484,0.385768324136734,0.4321187138557434,0.001356068765744567,0.0003787888854276389,7.613374327775091e-05,,,,,,,,,,,,
63,5439,,,,,,,,,,,,,,,,,,,,,,,,,50.76091384887695,34.47161865234375,0.32467392086982727,0.4647330939769745,0.19894792139530182,92.5273208618164,80.32491302490234,0.16879412531852722,0.19894792139530182,0.0046895029954612255,0.0013307627523317933,8.342052024090663e-05
63,5439,,,,,,,,,,,,,29.636110305786133,20.56122398376465,0.4436328113079071,0.5656538605690002,0.3894193768501282,36.86779022216797,35.14287185668945,0.3793819546699524,0.3894193768501282,0.0014031351311132312,0.0003857431292999536,7.47899102861993e-05,,,,,,,,,,,,
64,5524,,,,,,,,,,,,,,,,,,,,,,,,,49.102134704589844,35.97635269165039,0.3373706638813019,0.4645698666572571,0.2111319750547409,91.26463317871094,85.50035095214844,0.19234471023082733,0.2111319750547409,0.004502651281654835,0.001236359472386539,7.468354306183755e-05
64,5524,,,,,,,,,,,,,29.160598754882812,20.106307983398438,0.44775694608688354,0.570095956325531,0.3976040482521057,35.359310150146484,33.50252914428711,0.3870837390422821,0.3976040482521057,0.0013404116034507751,0.00037103917566128075,7.30610336177051e-05,,,,,,,,,,,,
65,5609,,,,,,,,,,,,,,,,,,,,,,,,,48.52451705932617,35.097965240478516,0.3469753563404083,0.4832506477832794,0.21481205523014069,93.59790802001953,89.76256561279297,0.19833828508853912,0.21481205523014069,0.004704535473138094,0.0012846055906265974,7.63027201173827e-05
65,5609,,,,,,,,,,,,,28.236379623413086,17.973583221435547,0.4580952525138855,0.6002939343452454,0.4479329288005829,33.521297454833984,29.047443389892578,0.40360283851623535,0.4479329288005829,0.0012382144341245294,0.0003505766508169472,7.037939940346405e-05,,,,,,,,,,,,
66,5694,,,,,,,,,,,,,,,,,,,,,,,,,47.37636947631836,33.847415924072266,0.3507016897201538,0.4811761677265167,0.1987304538488388,92.48249816894531,85.3087158203125,0.18801771104335785,0.1987304538488388,0.004293071571737528,0.0011998533736914396,7.308381464099512e-05
66,5694,,,,,,,,,,,,,28.196792602539062,18.096214294433594,0.45800548791885376,0.5977990031242371,0.4416368901729584,33.68062210083008,29.542007446289062,0.4016631841659546,0.4416368901729584,0.001243850914761424,0.00035139251849614084,6.9909576268401e-05,,,,,,,,,,,,
67,5779,,,,,,,,,,,,,,,,,,,,,,,,,48.83504104614258,38.5008544921875,0.3363687992095947,0.436431348323822,0.20428307354450226,91.23390197753906,93.42548370361328,0.20428307354450226,0.1721709668636322,0.004670070484280586,0.001245479448698461,7.470909622497857e-05
67,5779,,,,,,,,,,,,,28.58811378479004,20.023107528686523,0.45618531107902527,0.573221743106842,0.39518922567367554,35.00813674926758,34.07215118408203,0.3940924108028412,0.39518922567367554,0.0013313574017956853,0.0003655618929769844,7.10211752448231e-05,,,,,,,,,,,,
68,5864,,,,,,,,,,,,,,,,,,,,,,,,,48.45981979370117,34.05107879638672,0.3300829827785492,0.47547394037246704,0.1944190114736557,89.8178482055664,84.30009460449219,0.1814078688621521,0.1944190114736557,0.004401746205985546,0.0012225069804117084,7.333514804486185e-05
68,5864,,,,,,,,,,,,,27.68790054321289,17.850624084472656,0.46433889865875244,0.6003716588020325,0.4465070366859436,33.264991760253906,29.06018829345703,0.40586358308792114,0.4465070366859436,0.0012132343836128712,0.00034179844078607857,7.006341184023768e-05,,,,,,,,,,,,
69,5949,,,,,,,,,,,,,,,,,,,,,,,,,47.71928405761719,37.11376953125,0.34297361969947815,0.44390052556991577,0.20205675065517426,92.68698120117188,87.0978775024414,0.181435689330101,0.20205675065517426,0.004364319611340761,0.0011850441806018353,7.476928294636309e-05
69,5949,,,,,,,,,,,,,27.529396057128906,18.531131744384766,0.46554216742515564,0.5914255380630493,0.43073880672454834,33.0898551940918,30.509315490722656,0.40646448731422424,0.43073880672454834,0.0012048932258039713,0.0003354485088493675,6.923711771378294e-05,,,,,,,,,,,,
70,6034,,,,,,,,,,,,,,,,,,,,,,,,,50.05732345581055,36.565528869628906,0.32783666253089905,0.46761080622673035,0.18423353135585785,94.81196594238281,90.74845886230469,0.17566844820976257,0.18423353135585785,0.004987874533981085,0.0013573489850386977,7.314448157558218e-05
70,6034,,,,,,,,,,,,,27.772565841674805,18.916522979736328,0.4639268219470978,0.5877156257629395,0.42919811606407166,33.563072204589844,31.006669998168945,0.40571728348731995,0.42919811606407166,0.0012431301875039935,0.00034154937020502985,7.178838131949306e-05,,,,,,,,,,,,
71,6119,,,,,,,,,,,,,,,,,,,,,,,,,48.90526580810547,35.194725036621094,0.34317466616630554,0.4621455669403076,0.20581264793872833,90.29960632324219,83.32079315185547,0.20029553771018982,0.20581264793872833,0.004513121675699949,0.0012694790493696928,7.666758756386116e-05
71,6119,,,,,,,,,,,,,28.636341094970703,19.445110321044922,0.45336589217185974,0.5798379778862,0.40915152430534363,35.10031509399414,32.59651565551758,0.39184799790382385,0.40915152430534363,0.0012963948538526893,0.00035942799877375364,6.740996468579397e-05,,,,,,,,,,,,
72,6204,,,,,,,,,,,,,,,,,,,,,,,,,47.33161926269531,33.70663833618164,0.3424321115016937,0.48283976316452026,0.18126267194747925,91.64391326904297,86.40946197509766,0.16918796300888062,0.18126267194747925,0.0042314124293625355,0.0011767367832362652,7.719763380009681e-05
72,6204,,,,,,,,,,,,,27.666879653930664,18.73155403137207,0.46508634090423584,0.5889235734939575,0.42329949140548706,33.50133514404297,31.134458541870117,0.40640443563461304,0.42329949140548706,0.001241915626451373,0.0003464432084001601,6.685029075015336e-05,,,,,,,,,,,,
73,6289,,,,,,,,,,,,,,,,,,,,,,,,,49.53425979614258,39.164913177490234,0.32026392221450806,0.4250248670578003,0.16447298228740692,95.04618835449219,94.27921295166016,0.16389910876750946,0.16447298228740692,0.004597804509103298,0.0012565826764330268,7.695295062148944e-05
73,6289,,,,,,,,,,,,,27.881288528442383,20.200281143188477,0.46272262930870056,0.5686936378479004,0.40407517552375793,33.74517822265625,34.10371398925781,0.40407517552375793,0.39131686091423035,0.0012828257167711854,0.0003451201773714274,6.919551378814504e-05,,,,,,,,,,,,
74,6374,,,,,,,,,,,,,,,,,,,,,,,,,47.15510940551758,33.909725189208984,0.3480146527290344,0.4774557054042816,0.22837169468402863,92.23645782470703,83.31207275390625,0.18917681276798248,0.22837169468402863,0.0042958855628967285,0.001191204646602273,7.77762834331952e-05
74,6374,,,,,,,,,,,,,27.755657196044922,20.33534812927246,0.46264755725860596,0.5671297311782837,0.4049181044101715,33.434906005859375,34.4441032409668,0.4049181044101715,0.3896925747394562,0.0012590071419253945,0.00033994149998761714,6.824768934166059e-05,,,,,,,,,,,,
75,6459,,,,,,,,,,,,,,,,,,,,,,,,,48.3319091796875,34.684776306152344,0.34737107157707214,0.4812529385089874,0.21164734661579132,92.81486511230469,85.52145385742188,0.19486317038536072,0.21164734661579132,0.004396259784698486,0.0012251659063622355,6.965280772419646e-05
75,6459,,,,,,,,,,,,,27.06008529663086,17.216154098510742,0.4709357023239136,0.6114802956581116,0.45805656909942627,31.970653533935547,27.958984375,0.41770488023757935,0.45805656909942627,0.0011393657186999917,0.0003235532494727522,6.65468760416843e-05,,,,,,,,,,,,
76,6544,,,,,,,,,,,,,,,,,,,,,,,,,49.085601806640625,35.6296501159668,0.35132917761802673,0.46705207228660583,0.19975006580352783,93.53785705566406,87.01249694824219,0.19954605400562286,0.19975006580352783,0.004781223367899656,0.001317164278589189,7.522703526774421e-05
76,6544,,,,,,,,,,,,,27.256505966186523,18.32624053955078,0.4695318043231964,0.5957496762275696,0.4404354393482208,33.047691345214844,29.740375518798828,0.4089875817298889,0.4404354393482208,0.0011992603540420532,0.00033447155146859586,6.885638140374795e-05,,,,,,,,,,,,
77,6629,,,,,,,,,,,,,,,,,,,,,,,,,47.43537902832031,33.763465881347656,0.35014593601226807,0.487262487411499,0.2232520878314972,92.52005004882812,84.47344207763672,0.19374318420886993,0.2232520878314972,0.004118172451853752,0.0011550401104614139,6.809661135775968e-05
77,6629,,,,,,,,,,,,,27.156635284423828,17.994583129882812,0.4703015089035034,0.5990539193153381,0.443077027797699,32.45335388183594,29.23853302001953,0.41715696454048157,0.443077027797699,0.001175667974166572,0.0003294937196187675,6.559416215168312e-05,,,,,,,,,,,,
78,6714,,,,,,,,,,,,,,,,,,,,,,,,,51.39045715332031,39.12947082519531,0.32989630103111267,0.4276093542575836,0.1575365960597992,99.69347381591797,92.19356536865234,0.1555597484111786,0.1575365960597992,0.005212611984461546,0.0014525259612128139,7.848249515518546e-05
78,6714,,,,,,,,,,,,,27.461139678955078,18.676658630371094,0.46693411469459534,0.5918994545936584,0.4243311583995819,33.4326171875,31.427194595336914,0.4090614318847656,0.4243311583995819,0.0012268322752788663,0.0003396844840608537,6.703702092636377e-05,,,,,,,,,,,,
79,6799,,,,,,,,,,,,,,,,,,,,,,,,,50.07288360595703,35.4128303527832,0.3297402262687683,0.4775400459766388,0.23509995639324188,90.91254425048828,85.57715606689453,0.21013829112052917,0.23509995639324188,0.004638959653675556,0.001303001306951046,7.379156159004197e-05
79,6799,,,,,,,,,,,,,27.331605911254883,18.41315460205078,0.46764132380485535,0.5914848446846008,0.430503785610199,32.7356071472168,30.290050506591797,0.41304242610931396,0.430503785610199,0.0011903601698577404,0.00032983574783429503,6.669910362688825e-05,,,,,,,,,,,,
80,6884,,,,,,,,,,,,,,,,,,,,,,,,,46.814022064208984,34.09583282470703,0.3491259515285492,0.4680064022541046,0.22285673022270203,87.34529876708984,81.83673858642578,0.19839423894882202,0.22285673022270203,0.004056205507367849,0.001120419125072658,7.79433612478897e-05
80,6884,,,,,,,,,,,,,27.646835327148438,18.07732582092285,0.4659886956214905,0.5995703935623169,0.4439174234867096,33.13029861450195,29.72638511657715,0.41235116124153137,0.4439174234867096,0.0012201899662613869,0.0003414165985304862,6.832642247900367e-05,,,,,,,,,,,,
81,6969,,,,,,,,,,,,,,,,,,,,,,,,,49.20094680786133,39.58452224731445,0.34403687715530396,0.428825706243515,0.17694036662578583,96.10145568847656,93.99180603027344,0.17694036662578583,0.15998168289661407,0.0048262011259794235,0.0013158738147467375,6.835615204181522e-05
81,6969,,,,,,,,,,,,,26.11032485961914,16.68971824645996,0.48287147283554077,0.6185252666473389,0.4698447287082672,31.403945922851562,26.930110931396484,0.4262203574180603,0.4698447287082672,0.0011063322890549898,0.0003107415104750544,6.840660353191197e-05,,,,,,,,,,,,
82,7054,,,,,,,,,,,,,,,,,,,,,,,,,48.999629974365234,34.44797134399414,0.34231242537498474,0.4799235165119171,0.2079358845949173,93.70740509033203,86.03264617919922,0.19500058889389038,0.2079358845949173,0.004542109556496143,0.001279415562748909,7.40705436328426e-05
82,7054,,,,,,,,,,,,,26.54835319519043,18.21425437927246,0.4779929220676422,0.596603274345398,0.4340604841709137,31.85831642150879,30.250503540039062,0.4228377640247345,0.4340604841709137,0.001154138706624508,0.00031681821565143764,6.555220898007974e-05,,,,,,,,,,,,
83,7139,,,,,,,,,,,,,,,,,,,,,,,,,50.126953125,36.0827751159668,0.3340299427509308,0.45140567421913147,0.18875792622566223,95.25652313232422,83.92333221435547,0.176773801445961,0.18875792622566223,0.004504391457885504,0.0012910885270684958,6.62343081785366e-05
83,7139,,,,,,,,,,,,,27.069347381591797,18.749238967895508,0.471735417842865,0.5899879336357117,0.4288187325000763,32.55536651611328,31.03912925720215,0.41725954413414,0.4288187325000763,0.0011855572229251266,0.00032833879231475294,6.455519906012341e-05,,,,,,,,,,,,
84,7224,,,,,,,,,,,,,,,,,,,,,,,,,48.23512268066406,36.54901123046875,0.3515520989894867,0.4538028836250305,0.2061040997505188,92.8029556274414,86.75960540771484,0.20434367656707764,0.2061040997505188,0.004726105835288763,0.0012948991497978568,6.741267861798406e-05
84,7224,,,,,,,,,,,,,26.455062866210938,17.31317710876465,0.4782731533050537,0.6100785136222839,0.457107812166214,31.564783096313477,28.251346588134766,0.4249793589115143,0.457107812166214,0.0011174718383699656,0.00031479611061513424,6.55277181067504e-05,,,,,,,,,,,,
85,7309,,,,,,,,,,,,,,,,,,,,,,,,,47.65189743041992,36.177879333496094,0.34184619784355164,0.45906171202659607,0.18190109729766846,92.01155853271484,90.2742919921875,0.18190109729766846,0.171206995844841,0.00448779109865427,0.0012230565771460533,7.670206105103716e-05
85,7309,,,,,,,,,,,,,26.708969116210938,17.71255874633789,0.4768159091472626,0.6052659749984741,0.4475390613079071,32.392738342285156,29.251480102539062,0.4197354018688202,0.4475390613079071,0.001164438552223146,0.0003262848185840994,6.49066423648037e-05,,,,,,,,,,,,
86,7394,,,,,,,,,,,,,,,,,,,,,,,,,49.737640380859375,36.507667541503906,0.3322475552558899,0.4575476348400116,0.16639873385429382,96.97093200683594,93.5948257446289,0.16639873385429382,0.14260563254356384,0.004662025719881058,0.0013004059437662363,7.38818634999916e-05
86,7394,,,,,,,,,,,,,26.087825775146484,17.623207092285156,0.48482996225357056,0.6048262715339661,0.4452233910560608,31.601245880126953,29.464933395385742,0.43248629570007324,0.4452233910560608,0.001131732715293765,0.00031379793654195964,6.38472120044753e-05,,,,,,,,,,,,
87,7479,,,,,,,,,,,,,,,,,,,,,,,,,50.56986999511719,43.013675689697266,0.3342224657535553,0.4094102084636688,0.17215095460414886,95.82669830322266,102.45711517333984,0.17215095460414886,0.13893119990825653,0.005266114603728056,0.001365887001156807,7.020805060165003e-05
87,7479,,,,,,,,,,,,,26.745004653930664,19.28558349609375,0.47447237372398376,0.5796252489089966,0.4192965030670166,31.930774688720703,31.838665008544922,0.4192965030670166,0.41169583797454834,0.0011691926047205925,0.00031861598836258054,6.39730496914126e-05,,,,,,,,,,,,
88,7564,,,,,,,,,,,,,,,,,,,,,,,,,48.73661804199219,35.345237731933594,0.34867745637893677,0.4844292998313904,0.20321446657180786,99.58219909667969,90.53087615966797,0.17211410403251648,0.20321446657180786,0.004714940208941698,0.0013191663892939687,6.909677904332057e-05
88,7564,,,,,,,,,,,,,25.5263671875,16.944929122924805,0.48833775520324707,0.6130216121673584,0.4626607894897461,29.82384490966797,27.42266273498535,0.44025540351867676,0.4626607894897461,0.0010676027741283178,0.00029501403332687914,6.422081787604839e-05,,,,,,,,,,,,
89,7649,,,,,,,,,,,,,,,,,,,,,,,,,50.19486618041992,39.43440628051758,0.3454001247882843,0.44871848821640015,0.19331146776676178,97.12201690673828,98.41275787353516,0.19331146776676178,0.16456139087677002,0.005089057143777609,0.0013903413200750947,6.343658606056124e-05
89,7649,,,,,,,,,,,,,25.595441818237305,16.55695152282715,0.48793473839759827,0.6198904514312744,0.4724757671356201,30.190425872802734,26.738536834716797,0.4370955228805542,0.4724757671356201,0.0010568038560450077,0.0002973602677229792,6.392235081875697e-05,,,,,,,,,,,,
90,7734,,,,,,,,,,,,,,,,,,,,,,,,,48.628196716308594,33.71267318725586,0.3494250476360321,0.4888005554676056,0.18676556646823883,95.77540588378906,86.06842803955078,0.17406205832958221,0.18676556646823883,0.004584697540849447,0.001293323701247573,7.748774805804715e-05
90,7734,,,,,,,,,,,,,25.344274520874023,16.940101623535156,0.49155282974243164,0.6137840151786804,0.46063458919525146,30.211090087890625,27.577072143554688,0.43947455286979675,0.46063458919525146,0.001043766038492322,0.00029149831971153617,6.225334800546989e-05,,,,,,,,,,,,
91,7819,,,,,,,,,,,,,,,,,,,,,,,,,48.97555160522461,35.68441390991211,0.3514954447746277,0.48493215441703796,0.21049445867538452,100.07270812988281,91.19628143310547,0.18860897421836853,0.21049445867538452,0.0048988573253154755,0.0013602541293948889,7.097973139025271e-05
91,7819,,,,,,,,,,,,,25.40602684020996,16.279176712036133,0.48998019099235535,0.6222297549247742,0.4814756512641907,29.868515014648438,25.656028747558594,0.44050702452659607,0.4814756512641907,0.0010545531986281276,0.0002943814906757325,6.57584096188657e-05,,,,,,,,,,,,
92,7904,,,,,,,,,,,,,,,,,,,,,,,,,47.3641471862793,34.98232650756836,0.35550522804260254,0.4829612374305725,0.21731677651405334,94.62287902832031,88.76970672607422,0.20310600101947784,0.21731677651405334,0.004615310113877058,0.0012758385855704546,7.0772017352283e-05
92,7904,,,,,,,,,,,,,25.283214569091797,16.738492965698242,0.4924311339855194,0.6168010830879211,0.4722636044025421,29.40032958984375,26.736591339111328,0.4459679126739502,0.4722636044025421,0.001034351298585534,0.00029082197579555213,6.309746095212176e-05,,,,,,,,,,,,
93,7989,,,,,,,,,,,,,,,,,,,,,,,,,49.649723052978516,37.75294494628906,0.34304308891296387,0.4562583863735199,0.17426349222660065,100.60177612304688,97.76898193359375,0.17426349222660065,0.1540331095457077,0.00492546521127224,0.0013556709745898843,6.981664046179503e-05
93,7989,,,,,,,,,,,,,24.851842880249023,15.824531555175781,0.49768608808517456,0.6307554244995117,0.4877203404903412,29.086591720581055,25.354873657226562,0.4513297975063324,0.4877203404903412,0.0009982381016016006,0.00028393836691975594,6.089353337301873e-05,,,,,,,,,,,,
94,8074,,,,,,,,,,,,,,,,,,,,,,,,,48.29714584350586,35.06788635253906,0.3571469187736511,0.49149778485298157,0.21511036157608032,99.97735595703125,91.85676574707031,0.19089630246162415,0.21511036157608032,0.004894124809652567,0.0013628836022689939,6.909554940648377e-05
94,8074,,,,,,,,,,,,,25.69280242919922,16.920087814331055,0.48637497425079346,0.6153860688209534,0.4681071937084198,30.339345932006836,27.152673721313477,0.43397462368011475,0.4681071937084198,0.0010504231322556734,0.0002985911560244858,5.973193401587196e-05,,,,,,,,,,,,
95,8159,,,,,,,,,,,,,,,,,,,,,,,,,48.90121841430664,35.52676773071289,0.3428576588630676,0.4619671702384949,0.17841440439224243,96.26739501953125,88.8326416015625,0.16930128633975983,0.17841440439224243,0.004522387403994799,0.001258996780961752,6.698315701214597e-05
95,8159,,,,,,,,,,,,,25.933364868164062,18.4423828125,0.4854130446910858,0.591653048992157,0.43522942066192627,30.829248428344727,30.5828914642334,0.43522942066192627,0.42908602952957153,0.001118723419494927,0.0003056284040212631,6.201530050020665e-05,,,,,,,,,,,,
96,8244,,,,,,,,,,,,,,,,,,,,,,,,,50.03369903564453,38.53758239746094,0.3372828960418701,0.4293252229690552,0.1903066635131836,96.22198486328125,90.59801483154297,0.1903066635131836,0.18226665258407593,0.0047850278206169605,0.001354234293103218,7.037691830191761e-05
96,8244,,,,,,,,,,,,,26.13570785522461,18.95522689819336,0.4829225540161133,0.5824563503265381,0.435963898897171,30.95783042907715,31.94601058959961,0.435963898897171,0.4129329323768616,0.0011612771777436137,0.0003102018090430647,6.384890002664179e-05,,,,,,,,,,,,
97,8329,,,,,,,,,,,,,,,,,,,,,,,,,47.521175384521484,34.607666015625,0.35322558879852295,0.4722420871257782,0.1865997016429901,93.76097869873047,89.63321685791016,0.1865997016429901,0.1751423329114914,0.004347330424934626,0.0012207963736727834,6.400595884770155e-05
97,8329,,,,,,,,,,,,,25.43102264404297,16.854808807373047,0.49094265699386597,0.6154748797416687,0.4649748206138611,29.590576171875,27.354782104492188,0.44676297903060913,0.4649748206138611,0.0010403424967080355,0.0002917216334026307,6.127378583187237e-05,,,,,,,,,,,,
98,8414,,,,,,,,,,,,,,,,,,,,,,,,,47.311790466308594,36.75851821899414,0.3592580258846283,0.4482504725456238,0.1954525262117386,93.52745056152344,90.75196838378906,0.1954525262117386,0.1610262393951416,0.00451535964384675,0.0012610501144081354,6.921424937900156e-05
98,8414,,,,,,,,,,,,,25.06132698059082,16.35138702392578,0.49562376737594604,0.6238634586334229,0.4804846942424774,29.283403396606445,26.076662063598633,0.44931361079216003,0.4804846942424774,0.0010157262440770864,0.0002886675647459924,5.920815601712093e-05,,,,,,,,,,,,
99,8499,,,,,,,,,,,,,,,,,,,,,,,,,49.743614196777344,37.36560821533203,0.3422834575176239,0.4558089077472687,0.21895934641361237,92.13167572021484,88.48041534423828,0.21895934641361237,0.21872097253799438,0.00499629694968462,0.0013794084079563618,6.268500874284655e-05
99,8499,,,,,,,,,,,,,25.83512306213379,18.206830978393555,0.48603761196136475,0.5978869795799255,0.43582937121391296,31.6096248626709,30.36324119567871,0.42551061511039734,0.43582937121391296,0.0011205894406884909,0.00030787286232225597,6.071221287129447e-05,,,,,,,,,,,,
100,8500,46.97380065917969,34.18042755126953,0.2551364004611969,0.4651191234588623,0.22139953076839447,78.76947021484375,73.37830352783203,0.14147667586803436,0.22139953076839447,0.022448502480983734,0.0011726283701136708,0.008049258030951023,,,,,,,,,,,,,,,,,,,,,,,,
